DHSID_EA,nl_mean,year
ZM-2007-5#-00000001,14.460893467071193,2007.0
ZM-2007-5#-00000002,0.0,2007.0
ZM-2007-5#-00000003,6.4201974885200634,2007.0
ZM-2007-5#-00000004,6.776630225132081,2007.0
ZM-2007-5#-00000005,0.3913908461908431,2007.0
ZM-2007-5#-00000006,6.915694447817687,2007.0
ZM-2007-5#-00000007,5.792207973931946,2007.0
ZM-2007-5#-00000008,12.467875977486475,2007.0
ZM-2007-5#-00000009,20.784370175544595,2007.0
ZM-2007-5#-00000010,3.38928235763497,2007.0
ZM-2007-5#-00000011,0.0,2007.0
ZM-2007-5#-00000012,1.898154530941363,2007.0
ZM-2007-5#-00000013,5.089814395713879,2007.0
ZM-2007-5#-00000014,3.468954029083252,2007.0
ZM-2007-5#-00000015,0.0,2007.0
ZM-2007-5#-00000016,0.0,2007.0
ZM-2007-5#-00000017,17.71929998329629,2007.0
ZM-2007-5#-00000018,0.0,2007.0
ZM-2007-5#-00000019,0.0,2007.0
ZM-2007-5#-00000020,159.83879687234833,2007.0
ZM-2007-5#-00000021,5.245199733046283,2007.0
ZM-2007-5#-00000022,0.0,2007.0
ZM-2007-5#-00000023,0.0,2007.0
ZM-2007-5#-00000024,25.432203761632056,2007.0
ZM-2007-5#-00000025,18.24053674122958,2007.0
ZM-2007-5#-00000026,0.0,2007.0
ZM-2007-5#-00000027,78.58431332911954,2007.0
ZM-2007-5#-00000028,0.0,2007.0
ZM-2007-5#-00000029,7.709890490747882,2007.0
ZM-2007-5#-00000030,10.834548569898887,2007.0
ZM-2007-5#-00000031,0.0,2007.0
ZM-2007-5#-00000032,98.86688666000865,2007.0
ZM-2007-5#-00000033,0.0,2007.0
ZM-2007-5#-00000034,0.0,2007.0
ZM-2007-5#-00000035,0.0,2007.0
ZM-2007-5#-00000036,59.992791700322826,2007.0
ZM-2007-5#-00000037,0.0,2007.0
ZM-2007-5#-00000038,0.0,2007.0
ZM-2007-5#-00000039,0.0,2007.0
ZM-2007-5#-00000040,0.0,2007.0
ZM-2007-5#-00000041,0.0,2007.0
ZM-2007-5#-00000042,0.0,2007.0
ZM-2007-5#-00000043,0.0,2007.0
ZM-2007-5#-00000044,0.0,2007.0
ZM-2007-5#-00000045,0.0,2007.0
ZM-2007-5#-00000046,28.344475848921352,2007.0
ZM-2007-5#-00000047,0.0,2007.0
ZM-2007-5#-00000048,26.72618112528888,2007.0
ZM-2007-5#-00000049,9.462051558863058,2007.0
ZM-2007-5#-00000050,0.0,2007.0
ZM-2007-5#-00000051,0.9489536044580209,2007.0
ZM-2007-5#-00000052,16.272260675617293,2007.0
ZM-2007-5#-00000053,0.0,2007.0
ZM-2007-5#-00000054,184.2734168348712,2007.0
ZM-2007-5#-00000055,16.499640606048242,2007.0
ZM-2007-5#-00000056,0.0,2007.0
ZM-2007-5#-00000057,26.544504566676615,2007.0
ZM-2007-5#-00000058,16.19515891791215,2007.0
ZM-2007-5#-00000059,5.894003238699978,2007.0
ZM-2007-5#-00000060,43.702542113641826,2007.0
ZM-2007-5#-00000061,0.0,2007.0
ZM-2007-5#-00000062,2.06175456880469,2007.0
ZM-2007-5#-00000063,4.517047079248366,2007.0
ZM-2007-5#-00000064,0.0,2007.0
ZM-2007-5#-00000065,114.7877552326676,2007.0
ZM-2007-5#-00000066,0.0,2007.0
ZM-2007-5#-00000067,21.963964670702662,2007.0
ZM-2007-5#-00000068,0.0,2007.0
ZM-2007-5#-00000069,19.385910007113083,2007.0
ZM-2007-5#-00000070,0.0,2007.0
ZM-2007-5#-00000071,0.0,2007.0
ZM-2007-5#-00000072,0.0,2007.0
ZM-2007-5#-00000073,0.0,2007.0
ZM-2007-5#-00000074,0.0,2007.0
ZM-2007-5#-00000075,8.051435771562282,2007.0
ZM-2007-5#-00000076,0.0,2007.0
ZM-2007-5#-00000077,0.0,2007.0
ZM-2007-5#-00000078,18.76857639628069,2007.0
ZM-2007-5#-00000079,2.114155690282274,2007.0
ZM-2007-5#-00000080,0.0,2007.0
ZM-2007-5#-00000081,4.869600941248464,2007.0
ZM-2007-5#-00000082,0.0,2007.0
ZM-2007-5#-00000083,2.7023925811829175,2007.0
ZM-2007-5#-00000084,14.79260091619554,2007.0
ZM-2007-5#-00000085,0.0,2007.0
ZM-2007-5#-00000086,21.24419098154117,2007.0
ZM-2007-5#-00000087,0.0,2007.0
ZM-2007-5#-00000088,17.836480699910975,2007.0
ZM-2007-5#-00000089,0.0,2007.0
ZM-2007-5#-00000090,0.0,2007.0
ZM-2007-5#-00000091,0.0,2007.0
ZM-2007-5#-00000092,8.652940200650201,2007.0
ZM-2007-5#-00000093,45.08312585664226,2007.0
ZM-2007-5#-00000094,89.21851017152287,2007.0
ZM-2007-5#-00000095,0.0,2007.0
ZM-2007-5#-00000096,0.0,2007.0
ZM-2007-5#-00000097,5.354724465575139,2007.0
ZM-2007-5#-00000098,0.0,2007.0
ZM-2007-5#-00000099,8.595893432957444,2007.0
ZM-2007-5#-00000100,0.0,2007.0
ZM-2007-5#-00000101,0.0,2007.0
ZM-2007-5#-00000102,0.0,2007.0
ZM-2007-5#-00000103,0.0,2007.0
ZM-2007-5#-00000104,0.0,2007.0
ZM-2007-5#-00000105,0.0,2007.0
ZM-2007-5#-00000106,21.053308995344786,2007.0
ZM-2007-5#-00000107,0.0,2007.0
ZM-2007-5#-00000108,34.72565873016627,2007.0
ZM-2007-5#-00000109,0.0,2007.0
ZM-2007-5#-00000110,0.0,2007.0
ZM-2007-5#-00000111,0.0,2007.0
ZM-2007-5#-00000112,19.964253543676296,2007.0
ZM-2007-5#-00000113,0.0,2007.0
ZM-2007-5#-00000114,0.0,2007.0
ZM-2007-5#-00000115,0.0,2007.0
ZM-2007-5#-00000116,141.5263761085824,2007.0
ZM-2007-5#-00000117,0.0,2007.0
ZM-2007-5#-00000118,0.0,2007.0
ZM-2007-5#-00000119,0.0,2007.0
ZM-2007-5#-00000120,0.0,2007.0
ZM-2007-5#-00000121,1.4103224377630308,2007.0
ZM-2007-5#-00000122,0.0,2007.0
ZM-2007-5#-00000123,0.0,2007.0
ZM-2007-5#-00000124,3.1628886825329796,2007.0
ZM-2007-5#-00000125,0.0,2007.0
ZM-2007-5#-00000126,0.0,2007.0
ZM-2007-5#-00000127,0.0,2007.0
ZM-2007-5#-00000128,0.0,2007.0
ZM-2007-5#-00000129,0.0,2007.0
ZM-2007-5#-00000130,0.057907347878966134,2007.0
ZM-2007-5#-00000131,0.0,2007.0
ZM-2007-5#-00000132,0.0,2007.0
ZM-2007-5#-00000133,16.064122383083944,2007.0
ZM-2007-5#-00000134,0.0,2007.0
ZM-2007-5#-00000135,0.0,2007.0
ZM-2007-5#-00000136,11.824736754854841,2007.0
ZM-2007-5#-00000137,0.0,2007.0
ZM-2007-5#-00000138,39.92354073966297,2007.0
ZM-2007-5#-00000139,1.968742940397457,2007.0
ZM-2007-5#-00000140,0.0,2007.0
ZM-2007-5#-00000141,22.03759720997002,2007.0
ZM-2007-5#-00000142,0.0,2007.0
ZM-2007-5#-00000143,3.236605615707509,2007.0
ZM-2007-5#-00000144,10.28517035555812,2007.0
ZM-2007-5#-00000145,0.0,2007.0
ZM-2007-5#-00000146,12.839786015414862,2007.0
ZM-2007-5#-00000147,2.8821703364802342,2007.0
ZM-2007-5#-00000149,0.0,2007.0
ZM-2007-5#-00000150,0.0,2007.0
ZM-2007-5#-00000151,1.3947449838798902,2007.0
ZM-2007-5#-00000152,1.9962945054614145,2007.0
ZM-2007-5#-00000153,0.0,2007.0
ZM-2007-5#-00000154,0.0,2007.0
ZM-2007-5#-00000155,0.0,2007.0
ZM-2007-5#-00000156,9.049535629524721,2007.0
ZM-2007-5#-00000157,0.0,2007.0
ZM-2007-5#-00000158,0.0,2007.0
ZM-2007-5#-00000159,0.0,2007.0
ZM-2007-5#-00000160,19.29173666545218,2007.0
ZM-2007-5#-00000161,0.0,2007.0
ZM-2007-5#-00000162,18.68101370954092,2007.0
ZM-2007-5#-00000163,0.0,2007.0
ZM-2007-5#-00000164,0.0,2007.0
ZM-2007-5#-00000165,0.0,2007.0
ZM-2007-5#-00000166,0.0,2007.0
ZM-2007-5#-00000167,0.0,2007.0
ZM-2007-5#-00000168,14.440534414256916,2007.0
ZM-2007-5#-00000169,13.170864530986476,2007.0
ZM-2007-5#-00000170,10.986042213476606,2007.0
ZM-2007-5#-00000171,0.0,2007.0
ZM-2007-5#-00000172,0.0,2007.0
ZM-2007-5#-00000173,142.17464359598773,2007.0
ZM-2007-5#-00000174,3.5814940872251046,2007.0
ZM-2007-5#-00000175,22.146468122153042,2007.0
ZM-2007-5#-00000176,0.002465934423426856,2007.0
ZM-2007-5#-00000177,1.3263111601935493,2007.0
ZM-2007-5#-00000178,1.4722287985124483,2007.0
ZM-2007-5#-00000179,0.0,2007.0
ZM-2007-5#-00000180,0.0,2007.0
ZM-2007-5#-00000181,0.0,2007.0
ZM-2007-5#-00000182,0.0,2007.0
ZM-2007-5#-00000183,1.590212302745099,2007.0
ZM-2007-5#-00000184,0.0,2007.0
ZM-2007-5#-00000185,0.0,2007.0
ZM-2007-5#-00000186,0.0,2007.0
ZM-2007-5#-00000187,0.0,2007.0
ZM-2007-5#-00000188,16.680917599328616,2007.0
ZM-2007-5#-00000189,3.1431086422672,2007.0
ZM-2007-5#-00000190,0.0,2007.0
ZM-2007-5#-00000191,0.0,2007.0
ZM-2007-5#-00000192,0.0,2007.0
ZM-2007-5#-00000193,0.0,2007.0
ZM-2007-5#-00000194,0.0,2007.0
ZM-2007-5#-00000195,0.9489536044580209,2007.0
ZM-2007-5#-00000196,0.0,2007.0
ZM-2007-5#-00000197,1.2798297013176811,2007.0
ZM-2007-5#-00000198,0.0,2007.0
ZM-2007-5#-00000199,138.2424277481965,2007.0
ZM-2007-5#-00000200,14.447223286054905,2007.0
ZM-2007-5#-00000201,0.0,2007.0
ZM-2007-5#-00000202,10.647641984792179,2007.0
ZM-2007-5#-00000203,0.0,2007.0
ZM-2007-5#-00000204,0.0,2007.0
ZM-2007-5#-00000205,0.0,2007.0
ZM-2007-5#-00000206,0.0,2007.0
ZM-2007-5#-00000207,1.2710686607976822,2007.0
ZM-2007-5#-00000208,0.0,2007.0
ZM-2007-5#-00000209,0.9929466811183415,2007.0
ZM-2007-5#-00000210,0.0,2007.0
ZM-2007-5#-00000211,1.019650024742587,2007.0
ZM-2007-5#-00000212,0.0,2007.0
ZM-2007-5#-00000213,0.0,2007.0
ZM-2007-5#-00000214,0.0,2007.0
ZM-2007-5#-00000215,75.36886045368668,2007.0
ZM-2007-5#-00000216,0.0,2007.0
ZM-2007-5#-00000217,17.825959040793215,2007.0
ZM-2007-5#-00000218,6.929951957576507,2007.0
ZM-2007-5#-00000219,0.0,2007.0
ZM-2007-5#-00000220,10.103504415025897,2007.0
ZM-2007-5#-00000221,0.0,2007.0
ZM-2007-5#-00000222,0.6177095115042704,2007.0
ZM-2007-5#-00000223,0.0,2007.0
ZM-2007-5#-00000224,0.0,2007.0
ZM-2007-5#-00000225,0.0,2007.0
ZM-2007-5#-00000226,19.232499695916857,2007.0
ZM-2007-5#-00000227,0.0,2007.0
ZM-2007-5#-00000228,0.0,2007.0
ZM-2007-5#-00000229,5.655025063191685,2007.0
ZM-2007-5#-00000230,0.0,2007.0
ZM-2007-5#-00000231,0.0,2007.0
ZM-2007-5#-00000232,9.981075242661092,2007.0
ZM-2007-5#-00000233,9.118881049891336,2007.0
ZM-2007-5#-00000234,1.5936395051304262,2007.0
ZM-2007-5#-00000235,24.32003569741196,2007.0
ZM-2007-5#-00000236,2.0482828577827004,2007.0
ZM-2007-5#-00000237,11.20683398923247,2007.0
ZM-2007-5#-00000238,24.713444791703626,2007.0
ZM-2007-5#-00000239,0.0,2007.0
ZM-2007-5#-00000240,0.0,2007.0
ZM-2007-5#-00000241,0.0,2007.0
ZM-2007-5#-00000242,0.0,2007.0
ZM-2007-5#-00000243,0.0,2007.0
ZM-2007-5#-00000244,1.3517638645590109,2007.0
ZM-2007-5#-00000245,7.190953035578275,2007.0
ZM-2007-5#-00000246,0.0,2007.0
ZM-2007-5#-00000247,0.0,2007.0
ZM-2007-5#-00000248,15.4326063240679,2007.0
ZM-2007-5#-00000249,0.0,2007.0
ZM-2007-5#-00000250,0.0,2007.0
ZM-2007-5#-00000251,0.0,2007.0
ZM-2007-5#-00000252,4.047262066962489,2007.0
ZM-2007-5#-00000253,0.0,2007.0
ZM-2007-5#-00000254,90.79349603725552,2007.0
ZM-2007-5#-00000255,16.256201911253086,2007.0
ZM-2007-5#-00000256,1.9752594557325458,2007.0
ZM-2007-5#-00000257,0.0,2007.0
ZM-2007-5#-00000258,0.3874136601205699,2007.0
ZM-2007-5#-00000259,8.018595049585667,2007.0
ZM-2007-5#-00000260,15.590393422796652,2007.0
ZM-2007-5#-00000261,0.0,2007.0
ZM-2007-5#-00000262,0.0,2007.0
ZM-2007-5#-00000263,0.0,2007.0
ZM-2007-5#-00000264,0.0,2007.0
ZM-2007-5#-00000265,0.0,2007.0
ZM-2007-5#-00000266,18.288567536077974,2007.0
ZM-2007-5#-00000267,2.2147304183214915,2007.0
ZM-2007-5#-00000268,14.303548548272003,2007.0
ZM-2007-5#-00000269,0.0,2007.0
ZM-2007-5#-00000270,0.0,2007.0
ZM-2007-5#-00000271,0.0,2007.0
ZM-2007-5#-00000272,108.03422332578877,2007.0
ZM-2007-5#-00000273,1.7163818976898368,2007.0
ZM-2007-5#-00000274,166.23084816034736,2007.0
ZM-2007-5#-00000275,0.0,2007.0
ZM-2007-5#-00000276,10.37531722774601,2007.0
ZM-2007-5#-00000277,26.445589266611677,2007.0
ZM-2007-5#-00000278,0.0,2007.0
ZM-2007-5#-00000279,1.0474124304856853,2007.0
ZM-2007-5#-00000280,0.0,2007.0
ZM-2007-5#-00000281,18.217648237449122,2007.0
ZM-2007-5#-00000282,0.0,2007.0
ZM-2007-5#-00000283,0.0,2007.0
ZM-2007-5#-00000284,0.0,2007.0
ZM-2007-5#-00000285,0.0,2007.0
ZM-2007-5#-00000286,149.73005820867238,2007.0
ZM-2007-5#-00000287,36.38200122396197,2007.0
ZM-2007-5#-00000288,0.0,2007.0
ZM-2007-5#-00000289,0.028885014353234782,2007.0
ZM-2007-5#-00000290,0.0,2007.0
ZM-2007-5#-00000291,0.0,2007.0
ZM-2007-5#-00000292,1.8243480449839309,2007.0
ZM-2007-5#-00000293,0.0,2007.0
ZM-2007-5#-00000294,19.02145530936077,2007.0
ZM-2007-5#-00000295,11.732527147459553,2007.0
ZM-2007-5#-00000296,86.22696643848411,2007.0
ZM-2007-5#-00000297,0.14511411655870413,2007.0
ZM-2007-5#-00000298,0.0,2007.0
ZM-2007-5#-00000299,0.0,2007.0
ZM-2007-5#-00000300,0.0,2007.0
ZM-2007-5#-00000301,0.0,2007.0
ZM-2007-5#-00000302,0.0,2007.0
ZM-2007-5#-00000303,0.8251384639629993,2007.0
ZM-2007-5#-00000304,1.9000290596333893,2007.0
ZM-2007-5#-00000305,0.0,2007.0
ZM-2007-5#-00000306,150.55475496015654,2007.0
ZM-2007-5#-00000307,0.0,2007.0
ZM-2007-5#-00000308,0.0,2007.0
ZM-2007-5#-00000309,0.0,2007.0
ZM-2007-5#-00000310,0.0,2007.0
ZM-2007-5#-00000311,0.0,2007.0
ZM-2007-5#-00000312,8.564986334738022,2007.0
ZM-2007-5#-00000313,0.0,2007.0
ZM-2007-5#-00000314,0.0,2007.0
ZM-2007-5#-00000315,10.522761967595565,2007.0
ZM-2007-5#-00000316,0.0,2007.0
ZM-2007-5#-00000317,0.0,2007.0
ZM-2007-5#-00000318,0.0,2007.0
ZM-2007-5#-00000319,152.02315952675016,2007.0
ZM-2007-5#-00000320,2.2485395898419314,2007.0
ZM-2013-6#-00000001,14.696998763658229,2013.0
ZM-2013-6#-00000002,0.5007337714458849,2013.0
ZM-2013-6#-00000003,0.018494953269515616,2013.0
ZM-2013-6#-00000004,0.09079823046046862,2013.0
ZM-2013-6#-00000005,1.2084578660017067,2013.0
ZM-2013-6#-00000006,0.1626095228407121,2013.0
ZM-2013-6#-00000007,0.009597913279707992,2013.0
ZM-2013-6#-00000008,18.681697481040633,2013.0
ZM-2013-6#-00000009,0.0752957454394853,2013.0
ZM-2013-6#-00000010,0.008970713627887482,2013.0
ZM-2013-6#-00000011,5.0972783895381735,2013.0
ZM-2013-6#-00000012,0.0039692688144933935,2013.0
ZM-2013-6#-00000013,0.003828350210413573,2013.0
ZM-2013-6#-00000014,0.033373216104180606,2013.0
ZM-2013-6#-00000015,0.011171357405698875,2013.0
ZM-2013-6#-00000016,0.01047114682396222,2013.0
ZM-2013-6#-00000017,3.1960633163335737,2013.0
ZM-2013-6#-00000018,0.009788521865276893,2013.0
ZM-2013-6#-00000019,0.006627379553048789,2013.0
ZM-2013-6#-00000020,0.010926622315770053,2013.0
ZM-2013-6#-00000021,0.018880943749076697,2013.0
ZM-2013-6#-00000022,0.8034346499041393,2013.0
ZM-2013-6#-00000023,0.0023124080117768973,2013.0
ZM-2013-6#-00000024,1.9444421260277155e-05,2013.0
ZM-2013-6#-00000025,0.06798772014893169,2013.0
ZM-2013-6#-00000026,0.2117322521332776,2013.0
ZM-2013-6#-00000027,0.0004403784656196278,2013.0
ZM-2013-6#-00000028,0.001081744509440127,2013.0
ZM-2013-6#-00000029,0.011409433858018148,2013.0
ZM-2013-6#-00000030,37.16804631287114,2013.0
ZM-2013-6#-00000031,0.00010882703578819316,2013.0
ZM-2013-6#-00000032,22.377178175096464,2013.0
ZM-2013-6#-00000033,0.003995551513506172,2013.0
ZM-2013-6#-00000034,7.127286683466287,2013.0
ZM-2013-6#-00000035,16.64460919959139,2013.0
ZM-2013-6#-00000036,0.21332279541821536,2013.0
ZM-2013-6#-00000037,0.5063567875752025,2013.0
ZM-2013-6#-00000038,4.891058107593206,2013.0
ZM-2013-6#-00000039,0.007582901133137001,2013.0
ZM-2013-6#-00000040,0.5268365433840894,2013.0
ZM-2013-6#-00000041,5.474303368878612e-05,2013.0
ZM-2013-6#-00000042,0.05894951888387296,2013.0
ZM-2013-6#-00000043,1.5082999778967758,2013.0
ZM-2013-6#-00000044,0.013879571319849548,2013.0
ZM-2013-6#-00000045,0.005233141223057497,2013.0
ZM-2013-6#-00000046,4.362679103414161,2013.0
ZM-2013-6#-00000047,4.6072327023683854,2013.0
ZM-2013-6#-00000048,3.04066487149315,2013.0
ZM-2013-6#-00000049,0.0005020516013468071,2013.0
ZM-2013-6#-00000050,0.014046347259337233,2013.0
ZM-2013-6#-00000051,6.956844268390555,2013.0
ZM-2013-6#-00000052,0.013530725311124122,2013.0
ZM-2013-6#-00000053,0.9083639462470366,2013.0
ZM-2013-6#-00000054,0.0342365348834712,2013.0
ZM-2013-6#-00000055,19.584905934783873,2013.0
ZM-2013-6#-00000056,0.005064985987927975,2013.0
ZM-2013-6#-00000057,18.43707621903293,2013.0
ZM-2013-6#-00000058,0.01849722734557036,2013.0
ZM-2013-6#-00000059,0.0038330311255808094,2013.0
ZM-2013-6#-00000060,0.04992089677555504,2013.0
ZM-2013-6#-00000061,0.003172759600339965,2013.0
ZM-2013-6#-00000062,0.00012902300233384454,2013.0
ZM-2013-6#-00000063,1.1665732401480804,2013.0
ZM-2013-6#-00000064,0.013035500479926052,2013.0
ZM-2013-6#-00000065,0.31277956270648943,2013.0
ZM-2013-6#-00000066,0.010711978124459988,2013.0
ZM-2013-6#-00000067,0.7454633822038581,2013.0
ZM-2013-6#-00000068,0.0028720587512685194,2013.0
ZM-2013-6#-00000069,4.102252985275122,2013.0
ZM-2013-6#-00000070,0.002357303971433292,2013.0
ZM-2013-6#-00000071,0.010156587071137216,2013.0
ZM-2013-6#-00000072,1.6217199588042814,2013.0
ZM-2013-6#-00000073,0.00123676824955578,2013.0
ZM-2013-6#-00000074,2.4267131024069712,2013.0
ZM-2013-6#-00000075,7.86817634875845,2013.0
ZM-2013-6#-00000076,5.580105488031747,2013.0
ZM-2013-6#-00000077,2.0394560822039005,2013.0
ZM-2013-6#-00000078,0.01912051652366584,2013.0
ZM-2013-6#-00000079,6.160151600439427,2013.0
ZM-2013-6#-00000080,0.006589931793320603,2013.0
ZM-2013-6#-00000081,0.00013357361249399387,2013.0
ZM-2013-6#-00000082,0.007248435523791539,2013.0
ZM-2013-6#-00000083,0.10852128567816084,2013.0
ZM-2013-6#-00000084,0.009984912006939971,2013.0
ZM-2013-6#-00000085,0.4599597937045694,2013.0
ZM-2013-6#-00000086,0.06888219686478744,2013.0
ZM-2013-6#-00000087,0.009996996847584146,2013.0
ZM-2013-6#-00000088,1.9464936350679016,2013.0
ZM-2013-6#-00000089,0.008165559033633727,2013.0
ZM-2013-6#-00000090,33.909015394318615,2013.0
ZM-2013-6#-00000091,2.346710019042656,2013.0
ZM-2013-6#-00000092,0.0011329817844956528,2013.0
ZM-2013-6#-00000093,0.014511524380191156,2013.0
ZM-2013-6#-00000094,0.061365892206394226,2013.0
ZM-2013-6#-00000095,0.0013572341036796284,2013.0
ZM-2013-6#-00000096,6.612350759209692,2013.0
ZM-2013-6#-00000097,10.88997731998305,2013.0
ZM-2013-6#-00000098,0.0061033128912242685,2013.0
ZM-2013-6#-00000099,0.2525546964675314,2013.0
ZM-2013-6#-00000100,0.13774234436380775,2013.0
ZM-2013-6#-00000101,0.005861818000682036,2013.0
ZM-2013-6#-00000102,1.9819328196327282,2013.0
ZM-2013-6#-00000103,0.0035176928426392923,2013.0
ZM-2013-6#-00000104,0.177936087507517,2013.0
ZM-2013-6#-00000105,0.005068987932583258,2013.0
ZM-2013-6#-00000106,0.004145486649288375,2013.0
ZM-2013-6#-00000107,0.016186248859614765,2013.0
ZM-2013-6#-00000108,0.005032919379410766,2013.0
ZM-2013-6#-00000109,2.125195764233944,2013.0
ZM-2013-6#-00000110,3.9598193368794643,2013.0
ZM-2013-6#-00000111,0.003287064251205277,2013.0
ZM-2013-6#-00000112,0.3537934795963413,2013.0
ZM-2013-6#-00000113,0.03809293821217726,2013.0
ZM-2013-6#-00000114,0.010110341862120845,2013.0
ZM-2013-6#-00000115,0.00675138431399771,2013.0
ZM-2013-6#-00000116,0.03813056917390251,2013.0
ZM-2013-6#-00000117,2.397224221125056e-05,2013.0
ZM-2013-6#-00000118,2.9466540193641384,2013.0
ZM-2013-6#-00000119,0.7775507633229922,2013.0
ZM-2013-6#-00000120,0.004569144718156879,2013.0
ZM-2013-6#-00000121,3.010709743206946,2013.0
ZM-2013-6#-00000122,1.1299846639324185,2013.0
ZM-2013-6#-00000123,0.0019934504376047622,2013.0
ZM-2013-6#-00000124,0.9920292672488276,2013.0
ZM-2013-6#-00000125,2.8312506010628855,2013.0
ZM-2013-6#-00000126,0.9753824221352255,2013.0
ZM-2013-6#-00000127,0.018218544524222804,2013.0
ZM-2013-6#-00000128,0.0782148307943713,2013.0
ZM-2013-6#-00000129,0.011857326978555122,2013.0
ZM-2013-6#-00000130,1.5220137667204499,2013.0
ZM-2013-6#-00000131,0.09939695045982173,2013.0
ZM-2013-6#-00000132,0.0077731522890749525,2013.0
ZM-2013-6#-00000133,0.019897295047458505,2013.0
ZM-2013-6#-00000134,0.005013970557317457,2013.0
ZM-2013-6#-00000135,2.008930756011315,2013.0
ZM-2013-6#-00000136,2.660989119703153e-05,2013.0
ZM-2013-6#-00000137,0.0065914230546591,2013.0
ZM-2013-6#-00000138,3.3666166917668634,2013.0
ZM-2013-6#-00000139,1.164501546414849,2013.0
ZM-2013-6#-00000140,3.339144539988898,2013.0
ZM-2013-6#-00000141,2.0610007957570464,2013.0
ZM-2013-6#-00000142,17.895220231426904,2013.0
ZM-2013-6#-00000143,0.9961549546889551,2013.0
ZM-2013-6#-00000144,0.6625054915134624,2013.0
ZM-2013-6#-00000145,0.02689026807181348,2013.0
ZM-2013-6#-00000146,0.004100882796999378,2013.0
ZM-2013-6#-00000147,0.007689093340543016,2013.0
ZM-2013-6#-00000148,1.0666545117511823,2013.0
ZM-2013-6#-00000149,0.0003846157910334507,2013.0
ZM-2013-6#-00000150,0.03226097691527656,2013.0
ZM-2013-6#-00000151,0.4566177165806483,2013.0
ZM-2013-6#-00000152,4.90099324988086,2013.0
ZM-2013-6#-00000153,0.017760524713091745,2013.0
ZM-2013-6#-00000154,0.008479308668014324,2013.0
ZM-2013-6#-00000155,0.0025155066708242467,2013.0
ZM-2013-6#-00000156,0.008424045398132428,2013.0
ZM-2013-6#-00000157,6.074652894172518,2013.0
ZM-2013-6#-00000158,4.851666291384159,2013.0
ZM-2013-6#-00000159,1.8251931374951744,2013.0
ZM-2013-6#-00000160,0.019462737770388937,2013.0
ZM-2013-6#-00000161,0.23888998768057837,2013.0
ZM-2013-6#-00000162,1.5592940592200355,2013.0
ZM-2013-6#-00000163,2.1038218582194385e-05,2013.0
ZM-2013-6#-00000164,0.004587212216042863,2013.0
ZM-2013-6#-00000166,25.875080006726655,2013.0
ZM-2013-6#-00000167,0.004278261980169153,2013.0
ZM-2013-6#-00000168,0.020331222519745083,2013.0
ZM-2013-6#-00000169,5.828679455864984,2013.0
ZM-2013-6#-00000170,0.09681420174498674,2013.0
ZM-2013-6#-00000171,0.0049398304204981425,2013.0
ZM-2013-6#-00000172,0.009052726666932522,2013.0
ZM-2013-6#-00000173,0.11945620368033223,2013.0
ZM-2013-6#-00000174,0.08545364012455468,2013.0
ZM-2013-6#-00000175,0.019289462048719182,2013.0
ZM-2013-6#-00000176,0.0066026425344539764,2013.0
ZM-2013-6#-00000177,0.8692510505768112,2013.0
ZM-2013-6#-00000178,0.0020142665479628685,2013.0
ZM-2013-6#-00000179,0.0064779720151552245,2013.0
ZM-2013-6#-00000180,0.10373504774163017,2013.0
ZM-2013-6#-00000181,1.2692514293893644,2013.0
ZM-2013-6#-00000182,0.8358866347507719,2013.0
ZM-2013-6#-00000183,2.1095449269689857,2013.0
ZM-2013-6#-00000184,0.0018191011997655188,2013.0
ZM-2013-6#-00000185,0.004713473276997659,2013.0
ZM-2013-6#-00000186,0.016504852382529932,2013.0
ZM-2013-6#-00000187,0.25397934553304363,2013.0
ZM-2013-6#-00000188,0.0014259036607350702,2013.0
ZM-2013-6#-00000189,0.004239294550168374,2013.0
ZM-2013-6#-00000190,0.0016818038851188503,2013.0
ZM-2013-6#-00000191,29.05090374717434,2013.0
ZM-2013-6#-00000192,0.013026685426255164,2013.0
ZM-2013-6#-00000193,0.0014360004496216051,2013.0
ZM-2013-6#-00000194,0.06906091614791415,2013.0
ZM-2013-6#-00000195,0.005885704283470321,2013.0
ZM-2013-6#-00000196,0.007668295297665169,2013.0
ZM-2013-6#-00000197,0.4806497412514921,2013.0
ZM-2013-6#-00000198,0.009248202749176551,2013.0
ZM-2013-6#-00000199,0.005257581802632118,2013.0
ZM-2013-6#-00000200,0.00019068480187132582,2013.0
ZM-2013-6#-00000201,0.018454477039664578,2013.0
ZM-2013-6#-00000202,0.6550306983758946,2013.0
ZM-2013-6#-00000203,0.008607430674904134,2013.0
ZM-2013-6#-00000204,3.3690070812801176,2013.0
ZM-2013-6#-00000205,0.007827429492128616,2013.0
ZM-2013-6#-00000206,0.01604155639284969,2013.0
ZM-2013-6#-00000207,0.0058312449845804425,2013.0
ZM-2013-6#-00000208,0.8559124645826102,2013.0
ZM-2013-6#-00000209,1.2145022954219742,2013.0
ZM-2013-6#-00000210,0.0020592642375165996,2013.0
ZM-2013-6#-00000211,3.175193349618102,2013.0
ZM-2013-6#-00000212,0.0036911422110996336,2013.0
ZM-2013-6#-00000213,1.8933116655057438,2013.0
ZM-2013-6#-00000214,0.044908351372270026,2013.0
ZM-2013-6#-00000215,0.34139811602516706,2013.0
ZM-2013-6#-00000216,20.44210627454375,2013.0
ZM-2013-6#-00000217,3.195179075333349,2013.0
ZM-2013-6#-00000218,0.9122942810680077,2013.0
ZM-2013-6#-00000219,0.0005046353334369785,2013.0
ZM-2013-6#-00000220,4.066287523594122,2013.0
ZM-2013-6#-00000221,0.0039014170077328256,2013.0
ZM-2013-6#-00000222,5.595968653525196,2013.0
ZM-2013-6#-00000223,0.001720678598169912,2013.0
ZM-2013-6#-00000224,0.002993419483246823,2013.0
ZM-2013-6#-00000225,0.044833028010683125,2013.0
ZM-2013-6#-00000226,0.01337253383253026,2013.0
ZM-2013-6#-00000227,0.36900511040323997,2013.0
ZM-2013-6#-00000228,0.009670102795289156,2013.0
ZM-2013-6#-00000229,2.463575327549472,2013.0
ZM-2013-6#-00000230,0.0120897476720276,2013.0
ZM-2013-6#-00000231,4.718475600378828,2013.0
ZM-2013-6#-00000232,0.002845475335867008,2013.0
ZM-2013-6#-00000233,3.9457286189861454,2013.0
ZM-2013-6#-00000234,4.139744799566563,2013.0
ZM-2013-6#-00000235,0.002133944489948755,2013.0
ZM-2013-6#-00000236,5.850377366284323,2013.0
ZM-2013-6#-00000237,0.009028073853584354,2013.0
ZM-2013-6#-00000238,34.208637332703596,2013.0
ZM-2013-6#-00000239,0.002030462687272938,2013.0
ZM-2013-6#-00000240,0.013681268908963474,2013.0
ZM-2013-6#-00000241,0.05443180691734958,2013.0
ZM-2013-6#-00000242,0.006820821255246845,2013.0
ZM-2013-6#-00000243,1.2717849332889666,2013.0
ZM-2013-6#-00000244,2.5199820754039703,2013.0
ZM-2013-6#-00000245,0.004251894399694531,2013.0
ZM-2013-6#-00000246,0.00048221771794191204,2013.0
ZM-2013-6#-00000247,0.007110984076841411,2013.0
ZM-2013-6#-00000248,0.021349358345991384,2013.0
ZM-2013-6#-00000249,0.005240522694753562,2013.0
ZM-2013-6#-00000250,0.000402169821471311,2013.0
ZM-2013-6#-00000251,0.0015520303010470057,2013.0
ZM-2013-6#-00000252,0.0027951769783350995,2013.0
ZM-2013-6#-00000253,0.0016074423829877018,2013.0
ZM-2013-6#-00000254,0.008921348846040206,2013.0
ZM-2013-6#-00000255,0.0012706640729324742,2013.0
ZM-2013-6#-00000256,0.00863694486298134,2013.0
ZM-2013-6#-00000257,4.685457108892509,2013.0
ZM-2013-6#-00000258,33.53469692114361,2013.0
ZM-2013-6#-00000259,3.744341102999845,2013.0
ZM-2013-6#-00000260,0.8431588703253575,2013.0
ZM-2013-6#-00000261,0.0021069578347204525,2013.0
ZM-2013-6#-00000262,25.127869012235724,2013.0
ZM-2013-6#-00000263,0.016351749106016784,2013.0
ZM-2013-6#-00000264,0.0130122482925811,2013.0
ZM-2013-6#-00000265,0.02825495999018289,2013.0
ZM-2013-6#-00000266,0.010305923891219038,2013.0
ZM-2013-6#-00000267,11.577027920189842,2013.0
ZM-2013-6#-00000268,0.0003665110734046101,2013.0
ZM-2013-6#-00000269,0.29476228240974783,2013.0
ZM-2013-6#-00000270,6.008459082932163,2013.0
ZM-2013-6#-00000271,0.0009531283069467147,2013.0
ZM-2013-6#-00000272,0.013382124548177466,2013.0
ZM-2013-6#-00000273,8.799152963924573,2013.0
ZM-2013-6#-00000274,0.004474828878731096,2013.0
ZM-2013-6#-00000275,0.018480491478313713,2013.0
ZM-2013-6#-00000276,0.000590196658886886,2013.0
ZM-2013-6#-00000277,0.01010323505939885,2013.0
ZM-2013-6#-00000278,0.00037422673717732495,2013.0
ZM-2013-6#-00000279,0.002054790955807431,2013.0
ZM-2013-6#-00000280,0.9443849997868513,2013.0
ZM-2013-6#-00000281,8.96197060375936,2013.0
ZM-2013-6#-00000282,0.01890366788380955,2013.0
ZM-2013-6#-00000283,2.527435661536004,2013.0
ZM-2013-6#-00000284,0.08675310296526051,2013.0
ZM-2013-6#-00000285,0.059001298425851625,2013.0
ZM-2013-6#-00000286,1.690015305651467e-05,2013.0
ZM-2013-6#-00000287,2.1076769369443173,2013.0
ZM-2013-6#-00000288,7.1253410718565675,2013.0
ZM-2013-6#-00000289,0.423422509137477,2013.0
ZM-2013-6#-00000290,0.18611011959015836,2013.0
ZM-2013-6#-00000291,11.749767096969357,2013.0
ZM-2013-6#-00000292,1.2784492868672008,2013.0
ZM-2013-6#-00000293,0.061982628884333195,2013.0
ZM-2013-6#-00000294,0.0028607717573339094,2013.0
ZM-2013-6#-00000295,1.2058169084523833,2013.0
ZM-2013-6#-00000296,0.028010837159342262,2013.0
ZM-2013-6#-00000297,0.01559976458953753,2013.0
ZM-2013-6#-00000298,28.31287984749025,2013.0
ZM-2013-6#-00000299,2.439250644867877,2013.0
ZM-2013-6#-00000300,0.2916713309524848,2013.0
ZM-2013-6#-00000301,3.06048436299144,2013.0
ZM-2013-6#-00000303,6.034114973493513,2013.0
ZM-2013-6#-00000304,0.007909179253554105,2013.0
ZM-2013-6#-00000305,2.1212440979601053,2013.0
ZM-2013-6#-00000306,6.482317641158143,2013.0
ZM-2013-6#-00000307,0.013069729722517501,2013.0
ZM-2013-6#-00000308,5.358230576336567,2013.0
ZM-2013-6#-00000309,0.2721048933020028,2013.0
ZM-2013-6#-00000310,0.006625513316564311,2013.0
ZM-2013-6#-00000311,0.0008381637998615628,2013.0
ZM-2013-6#-00000312,0.08707231145099333,2013.0
ZM-2013-6#-00000313,0.0027140179454325348,2013.0
ZM-2013-6#-00000314,0.008471992823598933,2013.0
ZM-2013-6#-00000315,0.001278729778454882,2013.0
ZM-2013-6#-00000316,3.2141352109490726,2013.0
ZM-2013-6#-00000317,0.004180992154902911,2013.0
ZM-2013-6#-00000318,3.208113550447194,2013.0
ZM-2013-6#-00000319,0.005566689323394723,2013.0
ZM-2013-6#-00000320,2.233316343688864,2013.0
ZM-2013-6#-00000321,0.503934166038508,2013.0
ZM-2013-6#-00000322,24.02472695438278,2013.0
ZM-2013-6#-00000323,0.004039920113946933,2013.0
ZM-2013-6#-00000324,2.6284508142098697,2013.0
ZM-2013-6#-00000325,0.0029245497625701054,2013.0
ZM-2013-6#-00000326,0.017030666326210246,2013.0
ZM-2013-6#-00000327,0.007423961407768869,2013.0
ZM-2013-6#-00000328,2.027896634820148,2013.0
ZM-2013-6#-00000329,0.00038731432533101455,2013.0
ZM-2013-6#-00000330,8.581253736122715e-05,2013.0
ZM-2013-6#-00000331,0.5265036073515119,2013.0
ZM-2013-6#-00000332,3.40278275611182,2013.0
ZM-2013-6#-00000333,1.410623623741528,2013.0
ZM-2013-6#-00000334,0.0024087920543911013,2013.0
ZM-2013-6#-00000335,0.01208774970250182,2013.0
ZM-2013-6#-00000336,1.6859169325938892,2013.0
ZM-2013-6#-00000337,33.434967338535614,2013.0
ZM-2013-6#-00000338,0.19890835336205234,2013.0
ZM-2013-6#-00000339,0.004287242687558659,2013.0
ZM-2013-6#-00000340,7.2786670562827736,2013.0
ZM-2013-6#-00000341,0.0002161725711611682,2013.0
ZM-2013-6#-00000342,0.0014671315109090124,2013.0
ZM-2013-6#-00000343,0.021231253997890744,2013.0
ZM-2013-6#-00000344,12.784981751238462,2013.0
ZM-2013-6#-00000345,6.67623722139206,2013.0
ZM-2013-6#-00000346,0.12430028362869959,2013.0
ZM-2013-6#-00000347,34.894874178715185,2013.0
ZM-2013-6#-00000348,0.25971799682734853,2013.0
ZM-2013-6#-00000349,0.00042737694634056606,2013.0
ZM-2013-6#-00000350,0.021422013798270263,2013.0
ZM-2013-6#-00000351,0.0076854871461289765,2013.0
ZM-2013-6#-00000352,26.637995949524818,2013.0
ZM-2013-6#-00000353,0.41203753991156344,2013.0
ZM-2013-6#-00000354,0.00955343558433509,2013.0
ZM-2013-6#-00000355,3.693125654561205,2013.0
ZM-2013-6#-00000356,0.8415805332389579,2013.0
ZM-2013-6#-00000357,3.7475452556716897,2013.0
ZM-2013-6#-00000358,1.0681021331371656,2013.0
ZM-2013-6#-00000359,0.010801663160586736,2013.0
ZM-2013-6#-00000360,5.589162403611736,2013.0
ZM-2013-6#-00000361,0.736260655124395,2013.0
ZM-2013-6#-00000362,0.0350617347514312,2013.0
ZM-2013-6#-00000363,0.0007870664895125097,2013.0
ZM-2013-6#-00000364,0.011638439208836393,2013.0
ZM-2013-6#-00000365,0.00013324879161420578,2013.0
ZM-2013-6#-00000366,1.1689934085473928,2013.0
ZM-2013-6#-00000367,0.016886347190542123,2013.0
ZM-2013-6#-00000368,0.010609477002160056,2013.0
ZM-2013-6#-00000369,0.46802689609052994,2013.0
ZM-2013-6#-00000370,0.001189736330180627,2013.0
ZM-2013-6#-00000371,0.020992099029278424,2013.0
ZM-2013-6#-00000372,0.011962208668479352,2013.0
ZM-2013-6#-00000373,2.766726650446023,2013.0
ZM-2013-6#-00000374,6.293181303523908,2013.0
ZM-2013-6#-00000375,0.0,2013.0
ZM-2013-6#-00000376,5.561998880112093,2013.0
ZM-2013-6#-00000377,0.004373774657057532,2013.0
ZM-2013-6#-00000378,0.03862922112616792,2013.0
ZM-2013-6#-00000379,0.00904140330256872,2013.0
ZM-2013-6#-00000380,0.0010754439353866268,2013.0
ZM-2013-6#-00000381,5.8461478220738154,2013.0
ZM-2013-6#-00000382,11.516509737900613,2013.0
ZM-2013-6#-00000383,0.0018442056301472044,2013.0
ZM-2013-6#-00000384,0.004343076174392326,2013.0
ZM-2013-6#-00000385,5.92024176395384,2013.0
ZM-2013-6#-00000386,1.5945307870181717,2013.0
ZM-2013-6#-00000387,0.006756525265904389,2013.0
ZM-2013-6#-00000388,0.016702303518275743,2013.0
ZM-2013-6#-00000389,0.7469280293449023,2013.0
ZM-2013-6#-00000390,0.010095896771128774,2013.0
ZM-2013-6#-00000391,0.03847903304578652,2013.0
ZM-2013-6#-00000392,14.173404448308288,2013.0
ZM-2013-6#-00000393,0.15243837873874286,2013.0
ZM-2013-6#-00000394,0.008623364193625289,2013.0
ZM-2013-6#-00000395,1.0129349804896202,2013.0
ZM-2013-6#-00000396,0.014078763932876234,2013.0
ZM-2013-6#-00000397,0.0014171777065554744,2013.0
ZM-2013-6#-00000398,0.004947095560417047,2013.0
ZM-2013-6#-00000399,0.008678609140814196,2013.0
ZM-2013-6#-00000400,2.469490890262655,2013.0
ZM-2013-6#-00000401,0.8157174595793718,2013.0
ZM-2013-6#-00000402,0.0031675185651082642,2013.0
ZM-2013-6#-00000403,0.010031778809321495,2013.0
ZM-2013-6#-00000404,22.85898351158192,2013.0
ZM-2013-6#-00000405,3.696415681946351,2013.0
ZM-2013-6#-00000406,0.06399469497462149,2013.0
ZM-2013-6#-00000407,0.0,2013.0
ZM-2013-6#-00000408,4.567217700241255,2013.0
ZM-2013-6#-00000409,0.005123220562243097,2013.0
ZM-2013-6#-00000410,0.006303714566209668,2013.0
ZM-2013-6#-00000411,34.09010579177757,2013.0
ZM-2013-6#-00000412,0.007785234190744281,2013.0
ZM-2013-6#-00000413,7.6641057006013895,2013.0
ZM-2013-6#-00000414,0.26026045581039436,2013.0
ZM-2013-6#-00000415,1.9236463436416735,2013.0
ZM-2013-6#-00000416,0.7991731173881702,2013.0
ZM-2013-6#-00000417,0.028935072874299993,2013.0
ZM-2013-6#-00000418,0.008143631877646714,2013.0
ZM-2013-6#-00000419,0.0,2013.0
ZM-2013-6#-00000420,4.237784033637237,2013.0
ZM-2013-6#-00000421,0.008642603942425473,2013.0
ZM-2013-6#-00000422,0.0011084536528332973,2013.0
ZM-2013-6#-00000423,0.0025930063805737315,2013.0
ZM-2013-6#-00000424,0.01466387944440481,2013.0
ZM-2013-6#-00000425,0.021329372700870472,2013.0
ZM-2013-6#-00000426,34.29995685640458,2013.0
ZM-2013-6#-00000427,0.6101254280465513,2013.0
ZM-2013-6#-00000428,3.513647717031686,2013.0
ZM-2013-6#-00000429,0.0025699078163396324,2013.0
ZM-2013-6#-00000430,5.611752493642744,2013.0
ZM-2013-6#-00000431,0.011483279344601065,2013.0
ZM-2013-6#-00000432,0.005583285202308893,2013.0
ZM-2013-6#-00000433,0.26427403497280677,2013.0
ZM-2013-6#-00000434,0.00018648867913217832,2013.0
ZM-2013-6#-00000435,3.7852821210686725,2013.0
ZM-2013-6#-00000436,1.306762956172881,2013.0
ZM-2013-6#-00000437,0.44854420335673695,2013.0
ZM-2013-6#-00000438,24.197536890894483,2013.0
ZM-2013-6#-00000439,0.006695967706226416,2013.0
ZM-2013-6#-00000440,4.570769673647765,2013.0
ZM-2013-6#-00000441,0.3395307110597801,2013.0
ZM-2013-6#-00000442,18.966743931387168,2013.0
ZM-2013-6#-00000443,0.001579768680557408,2013.0
ZM-2013-6#-00000444,0.005946745625230251,2013.0
ZM-2013-6#-00000445,0.032813990044080636,2013.0
ZM-2013-6#-00000447,0.0018490399017655039,2013.0
ZM-2013-6#-00000448,0.002353536598484638,2013.0
ZM-2013-6#-00000449,0.009206640619663031,2013.0
ZM-2013-6#-00000450,0.44029525244578444,2013.0
ZM-2013-6#-00000451,7.963616124332891,2013.0
ZM-2013-6#-00000452,0.003595585894632797,2013.0
ZM-2013-6#-00000453,0.0033859838155114014,2013.0
ZM-2013-6#-00000454,0.004832518821735628,2013.0
ZM-2013-6#-00000455,0.5550652311316207,2013.0
ZM-2013-6#-00000456,0.008460814240094289,2013.0
ZM-2013-6#-00000457,5.856618285194263,2013.0
ZM-2013-6#-00000458,2.9123495621428677,2013.0
ZM-2013-6#-00000459,4.932905532155574,2013.0
ZM-2013-6#-00000460,0.07037055393665892,2013.0
ZM-2013-6#-00000461,0.11377845512146631,2013.0
ZM-2013-6#-00000462,27.499735367964526,2013.0
ZM-2013-6#-00000463,0.5632489664929388,2013.0
ZM-2013-6#-00000464,0.03177915257744879,2013.0
ZM-2013-6#-00000465,0.0018836924191191935,2013.0
ZM-2013-6#-00000466,0.04786749097304501,2013.0
ZM-2013-6#-00000467,0.01582692648910927,2013.0
ZM-2013-6#-00000468,16.035586123951397,2013.0
ZM-2013-6#-00000469,0.007147932446865034,2013.0
ZM-2013-6#-00000470,0.014353187311570526,2013.0
ZM-2013-6#-00000471,0.01911815672716717,2013.0
ZM-2013-6#-00000472,0.008067821903558954,2013.0
ZM-2013-6#-00000473,0.0035623836681792447,2013.0
ZM-2013-6#-00000474,14.522438539540204,2013.0
ZM-2013-6#-00000475,0.013621973586867472,2013.0
ZM-2013-6#-00000476,0.00083808006131531,2013.0
ZM-2013-6#-00000477,0.013378016746279621,2013.0
ZM-2013-6#-00000478,0.0010386059977943475,2013.0
ZM-2013-6#-00000479,0.043979751602121725,2013.0
ZM-2013-6#-00000480,0.020392379410832013,2013.0
ZM-2013-6#-00000481,0.001236642292718253,2013.0
ZM-2013-6#-00000482,0.010289524417604732,2013.0
ZM-2013-6#-00000483,16.23962702697628,2013.0
ZM-2013-6#-00000484,0.009250210360385784,2013.0
ZM-2013-6#-00000485,5.844946799501003,2013.0
ZM-2013-6#-00000486,0.0009746419782623196,2013.0
ZM-2013-6#-00000487,0.06629252430331571,2013.0
ZM-2013-6#-00000488,0.13432053556436438,2013.0
ZM-2013-6#-00000489,4.438862073468915,2013.0
ZM-2013-6#-00000490,0.0026806765709678194,2013.0
ZM-2013-6#-00000491,0.05809109880964199,2013.0
ZM-2013-6#-00000492,0.000863702326572777,2013.0
ZM-2013-6#-00000493,0.0003435533404930701,2013.0
ZM-2013-6#-00000494,0.0063915306886300725,2013.0
ZM-2013-6#-00000495,0.00048157074217287476,2013.0
ZM-2013-6#-00000496,0.004827129102566432,2013.0
ZM-2013-6#-00000497,1.4734001810479478,2013.0
ZM-2013-6#-00000498,0.1448341339715441,2013.0
ZM-2013-6#-00000499,5.29552452994517e-07,2013.0
ZM-2013-6#-00000500,0.00609230704626347,2013.0
ZM-2013-6#-00000501,29.726284946814175,2013.0
ZM-2013-6#-00000502,0.15150561983973898,2013.0
ZM-2013-6#-00000503,21.15830568833518,2013.0
ZM-2013-6#-00000504,0.020028649242791772,2013.0
ZM-2013-6#-00000505,3.205247842860607,2013.0
ZM-2013-6#-00000506,2.371191933738302,2013.0
ZM-2013-6#-00000507,4.765959845073679,2013.0
ZM-2013-6#-00000508,0.0003841886506693403,2013.0
ZM-2013-6#-00000509,0.006222937608317086,2013.0
ZM-2013-6#-00000510,0.07143690596544103,2013.0
ZM-2013-6#-00000511,0.0024552111977318167,2013.0
ZM-2013-6#-00000512,0.016023204518460888,2013.0
ZM-2013-6#-00000513,0.039641156579052365,2013.0
ZM-2013-6#-00000514,36.309214310460895,2013.0
ZM-2013-6#-00000515,6.453899363077911,2013.0
ZM-2013-6#-00000516,9.9079144146084,2013.0
ZM-2013-6#-00000517,3.6120927101293465,2013.0
ZM-2013-6#-00000518,0.0105516110526907,2013.0
ZM-2013-6#-00000519,5.574225501788437,2013.0
ZM-2013-6#-00000520,0.023773552595321927,2013.0
ZM-2013-6#-00000521,6.297170492308054e-05,2013.0
ZM-2013-6#-00000522,5.034573889292006,2013.0
ZM-2013-6#-00000523,1.653116445314742,2013.0
ZM-2013-6#-00000524,0.0021457846504118706,2013.0
ZM-2013-6#-00000525,0.014273770071676389,2013.0
ZM-2013-6#-00000526,0.0069449701552844675,2013.0
ZM-2013-6#-00000527,4.541292378672129,2013.0
ZM-2013-6#-00000528,0.0030065268087399546,2013.0
ZM-2013-6#-00000529,9.320362317770181,2013.0
ZM-2013-6#-00000530,0.026839529243567316,2013.0
ZM-2013-6#-00000531,0.008955823219587516,2013.0
ZM-2013-6#-00000532,5.507134176658145,2013.0
ZM-2013-6#-00000533,0.004083649791270116,2013.0
ZM-2013-6#-00000534,0.0032162202470081675,2013.0
ZM-2013-6#-00000535,7.6055556110359985,2013.0
ZM-2013-6#-00000536,0.00324542967944561,2013.0
ZM-2013-6#-00000537,0.021099419624919572,2013.0
ZM-2013-6#-00000538,4.53338627044935,2013.0
ZM-2013-6#-00000539,2.3654112306344928,2013.0
ZM-2013-6#-00000540,0.02166823312485149,2013.0
ZM-2013-6#-00000541,4.7073528366089326,2013.0
ZM-2013-6#-00000542,5.51436728650265,2013.0
ZM-2013-6#-00000543,0.010641897778311062,2013.0
ZM-2013-6#-00000544,0.001140053444583168,2013.0
ZM-2013-6#-00000545,0.045712070349435245,2013.0
ZM-2013-6#-00000546,2.488479061866439,2013.0
ZM-2013-6#-00000547,4.967197176484088,2013.0
ZM-2013-6#-00000548,1.6149627821636126,2013.0
ZM-2013-6#-00000549,0.007353247217626319,2013.0
ZM-2013-6#-00000550,5.218845345134783,2013.0
ZM-2013-6#-00000551,0.0003926867928595118,2013.0
ZM-2013-6#-00000552,0.0016749557916784672,2013.0
ZM-2013-6#-00000553,34.64964600303456,2013.0
ZM-2013-6#-00000554,2.214981966705127,2013.0
ZM-2013-6#-00000555,0.02209182659362796,2013.0
ZM-2013-6#-00000556,0.029442198830028306,2013.0
ZM-2013-6#-00000557,5.506591102932106,2013.0
ZM-2013-6#-00000558,0.14644968306569126,2013.0
ZM-2013-6#-00000559,2.3804555472449724,2013.0
ZM-2013-6#-00000560,0.06476094858307962,2013.0
ZM-2013-6#-00000561,4.734126307520326,2013.0
ZM-2013-6#-00000562,6.868635543593302,2013.0
ZM-2013-6#-00000563,0.687877705611218,2013.0
ZM-2013-6#-00000564,0.002034532118362927,2013.0
ZM-2013-6#-00000565,20.87175969269403,2013.0
ZM-2013-6#-00000566,0.015133297255534682,2013.0
ZM-2013-6#-00000567,0.0063064053516100225,2013.0
ZM-2013-6#-00000568,0.006276728668699871,2013.0
ZM-2013-6#-00000569,0.0015304572524496428,2013.0
ZM-2013-6#-00000570,0.0016219280506901354,2013.0
ZM-2013-6#-00000571,0.012833069270596293,2013.0
ZM-2013-6#-00000572,0.04896986884006608,2013.0
ZM-2013-6#-00000573,0.411841193068277,2013.0
ZM-2013-6#-00000574,0.010169836952955345,2013.0
ZM-2013-6#-00000575,0.01681304505456172,2013.0
ZM-2013-6#-00000576,0.08068815727656185,2013.0
ZM-2013-6#-00000577,0.03111159240235444,2013.0
ZM-2013-6#-00000578,0.035770662562615144,2013.0
ZM-2013-6#-00000579,0.013081776659199176,2013.0
ZM-2013-6#-00000580,2.8395796510111433,2013.0
ZM-2013-6#-00000581,0.6319206804446826,2013.0
ZM-2013-6#-00000582,0.012529905191409627,2013.0
ZM-2013-6#-00000583,0.15607904667506672,2013.0
ZM-2013-6#-00000584,2.602270867832804,2013.0
ZM-2013-6#-00000585,0.13931808460648473,2013.0
ZM-2013-6#-00000586,0.011415056328000791,2013.0
ZM-2013-6#-00000587,10.152471100180849,2013.0
ZM-2013-6#-00000588,1.054386232077312,2013.0
ZM-2013-6#-00000589,0.0013058240477730452,2013.0
ZM-2013-6#-00000590,2.9555986666796255,2013.0
ZM-2013-6#-00000591,5.88915088561144,2013.0
ZM-2013-6#-00000592,5.063239974848517,2013.0
ZM-2013-6#-00000593,1.3591076022888413e-05,2013.0
ZM-2013-6#-00000594,0.00530459670748838,2013.0
ZM-2013-6#-00000595,9.45384059552182,2013.0
ZM-2013-6#-00000596,0.02430156766642724,2013.0
ZM-2013-6#-00000597,14.19099937443273,2013.0
ZM-2013-6#-00000598,0.0010603925999130815,2013.0
ZM-2013-6#-00000599,0.037546441755430315,2013.0
ZM-2013-6#-00000600,0.008813077835731355,2013.0
ZM-2013-6#-00000601,0.0029060408886131452,2013.0
ZM-2013-6#-00000602,0.001606925776631488,2013.0
ZM-2013-6#-00000603,16.585394673866293,2013.0
ZM-2013-6#-00000604,2.599385369789,2013.0
ZM-2013-6#-00000605,0.0008247865860517645,2013.0
ZM-2013-6#-00000606,0.023427313805709248,2013.0
ZM-2013-6#-00000607,0.2545760199835081,2013.0
ZM-2013-6#-00000608,0.0030915057935448696,2013.0
ZM-2013-6#-00000609,4.507652291903377,2013.0
ZM-2013-6#-00000610,0.002489958767204838,2013.0
ZM-2013-6#-00000611,0.0034588406533385086,2013.0
ZM-2013-6#-00000612,0.46180232594540915,2013.0
ZM-2013-6#-00000613,1.1993323414692543,2013.0
ZM-2013-6#-00000614,0.024494881296506375,2013.0
ZM-2013-6#-00000615,0.047195125399115335,2013.0
ZM-2013-6#-00000616,0.0004253779995509039,2013.0
ZM-2013-6#-00000617,0.007701776224619615,2013.0
ZM-2013-6#-00000618,1.1585990226031873,2013.0
ZM-2013-6#-00000619,0.008002853895363694,2013.0
ZM-2013-6#-00000620,0.015650397308607587,2013.0
ZM-2013-6#-00000621,0.0013274003486537511,2013.0
ZM-2013-6#-00000622,0.0008239756296243789,2013.0
ZM-2013-6#-00000623,0.25437240377740783,2013.0
ZM-2013-6#-00000624,0.016862586072029496,2013.0
ZM-2013-6#-00000625,0.000483410776818729,2013.0
ZM-2013-6#-00000626,0.9769722830651129,2013.0
ZM-2013-6#-00000627,32.26799497303711,2013.0
ZM-2013-6#-00000628,0.8540951378819394,2013.0
ZM-2013-6#-00000629,0.01298006325506135,2013.0
ZM-2013-6#-00000630,0.007897185805248851,2013.0
ZM-2013-6#-00000631,0.012184100598247235,2013.0
ZM-2013-6#-00000632,0.015251437095658097,2013.0
ZM-2013-6#-00000633,0.0023881362820899394,2013.0
ZM-2013-6#-00000634,0.4248767798759297,2013.0
ZM-2013-6#-00000635,0.003256035751679888,2013.0
ZM-2013-6#-00000636,0.13486524033564637,2013.0
ZM-2013-6#-00000637,0.002113658892941797,2013.0
ZM-2013-6#-00000638,0.0011841899179200035,2013.0
ZM-2013-6#-00000639,0.004774062918594201,2013.0
ZM-2013-6#-00000640,0.0009764513845445558,2013.0
ZM-2013-6#-00000641,0.0037907646654294757,2013.0
ZM-2013-6#-00000642,7.054613158319694,2013.0
ZM-2013-6#-00000643,2.4478350923381966,2013.0
ZM-2013-6#-00000644,0.04272588814758423,2013.0
ZM-2013-6#-00000645,24.453789219942426,2013.0
ZM-2013-6#-00000646,27.16894271787521,2013.0
ZM-2013-6#-00000647,0.00033387932845315067,2013.0
ZM-2013-6#-00000648,2.0168727752910076,2013.0
ZM-2013-6#-00000649,3.2376828603019674,2013.0
ZM-2013-6#-00000650,0.00926336509768059,2013.0
ZM-2013-6#-00000651,4.704910899453418,2013.0
ZM-2013-6#-00000652,0.0074369881585758125,2013.0
ZM-2013-6#-00000653,0.027547960491565954,2013.0
ZM-2013-6#-00000654,10.595700185429083,2013.0
ZM-2013-6#-00000655,0.0006998394591510382,2013.0
ZM-2013-6#-00000656,0.997214361878942,2013.0
ZM-2013-6#-00000657,0.9510088596097418,2013.0
ZM-2013-6#-00000658,0.8435119497900924,2013.0
ZM-2013-6#-00000659,0.0015153972983255736,2013.0
ZM-2013-6#-00000660,0.018407598380251845,2013.0
ZM-2013-6#-00000661,0.01603652041924273,2013.0
ZM-2013-6#-00000662,0.010581518298407793,2013.0
ZM-2013-6#-00000663,0.6760993816096443,2013.0
ZM-2013-6#-00000664,0.0072198349603011195,2013.0
ZM-2013-6#-00000665,0.24072929143459493,2013.0
ZM-2013-6#-00000666,0.014912830038933941,2013.0
ZM-2013-6#-00000667,0.007185593329475472,2013.0
ZM-2013-6#-00000668,0.0004754507520172698,2013.0
ZM-2013-6#-00000669,0.2384061471279594,2013.0
ZM-2013-6#-00000670,0.03207727886594488,2013.0
ZM-2013-6#-00000671,0.0037521274059474532,2013.0
ZM-2013-6#-00000672,0.6978976818413024,2013.0
ZM-2013-6#-00000673,3.6844671280438606,2013.0
ZM-2013-6#-00000674,2.4039976316465297,2013.0
ZM-2013-6#-00000675,29.29133213857191,2013.0
ZM-2013-6#-00000676,0.0007027962851104989,2013.0
ZM-2013-6#-00000677,2.822107494496989,2013.0
ZM-2013-6#-00000678,0.003777323661772022,2013.0
ZM-2013-6#-00000679,0.8062067631109031,2013.0
ZM-2013-6#-00000680,3.6750165094190588,2013.0
ZM-2013-6#-00000681,0.11586058964914872,2013.0
ZM-2013-6#-00000682,0.16896106739933447,2013.0
ZM-2013-6#-00000683,9.546339042124863,2013.0
ZM-2013-6#-00000684,4.410251799337294,2013.0
ZM-2013-6#-00000685,4.6713812245043,2013.0
ZM-2013-6#-00000686,3.1810809759284067,2013.0
ZM-2013-6#-00000687,7.023528909105743,2013.0
ZM-2013-6#-00000688,1.7316116643465858,2013.0
ZM-2013-6#-00000689,0.011389441528333934,2013.0
ZM-2013-6#-00000690,2.0062328929021835,2013.0
ZM-2013-6#-00000691,1.1985031084148574,2013.0
ZM-2013-6#-00000692,4.829450774425408,2013.0
ZM-2013-6#-00000693,0.017438328916975717,2013.0
ZM-2013-6#-00000694,0.009010367808361426,2013.0
ZM-2013-6#-00000695,0.00034396385281321314,2013.0
ZM-2013-6#-00000696,0.0010893694894951909,2013.0
ZM-2013-6#-00000697,0.005172571752496817,2013.0
ZM-2013-6#-00000698,0.0005659212935422302,2013.0
ZM-2013-6#-00000699,0.014450598071633292,2013.0
ZM-2013-6#-00000700,0.0005753759543351637,2013.0
ZM-2013-6#-00000701,4.683853254031099,2013.0
ZM-2013-6#-00000702,0.0021463368250639312,2013.0
ZM-2013-6#-00000703,0.010210435699180244,2013.0
ZM-2013-6#-00000704,0.2887879164889598,2013.0
ZM-2013-6#-00000705,0.007506763130540629,2013.0
ZM-2013-6#-00000706,0.023899427711095707,2013.0
ZM-2013-6#-00000707,0.03181867403524646,2013.0
ZM-2013-6#-00000708,0.00034909949190012313,2013.0
ZM-2013-6#-00000709,0.01152555850076302,2013.0
ZM-2013-6#-00000710,0.0003518890901563581,2013.0
ZM-2013-6#-00000711,0.505375938495311,2013.0
ZM-2013-6#-00000712,0.0006251056582323372,2013.0
ZM-2013-6#-00000713,0.02001579762056315,2013.0
ZM-2013-6#-00000714,33.02968534952125,2013.0
ZM-2013-6#-00000715,0.010967910141883825,2013.0
ZM-2013-6#-00000716,0.0028774367076885824,2013.0
ZM-2013-6#-00000717,4.7326234728957267e-05,2013.0
ZM-2013-6#-00000718,0.0349885048926799,2013.0
ZM-2013-6#-00000719,0.0057312943457018175,2013.0
ZM-2013-6#-00000720,29.28741017766569,2013.0
ZM-2013-6#-00000721,0.003955888353418508,2013.0
ZM-2013-6#-00000722,10.730979647596998,2013.0
ZM-2018-7#-00000001,0.1764563101495701,2018.0
ZM-2018-7#-00000002,0.1673272197906992,2018.0
ZM-2018-7#-00000003,0.89074388559256,2018.0
ZM-2018-7#-00000004,7.827982332965861,2018.0
ZM-2018-7#-00000005,0.1395293091168224,2018.0
ZM-2018-7#-00000006,3.580776133338381,2018.0
ZM-2018-7#-00000007,1.2680124661130476,2018.0
ZM-2018-7#-00000008,0.20628359627398285,2018.0
ZM-2018-7#-00000009,0.17002259785007945,2018.0
ZM-2018-7#-00000010,5.613067027282733,2018.0
ZM-2018-7#-00000011,0.20272706542323068,2018.0
ZM-2018-7#-00000012,0.1681618976764888,2018.0
ZM-2018-7#-00000013,0.1584614936590928,2018.0
ZM-2018-7#-00000014,0.19742542542090374,2018.0
ZM-2018-7#-00000015,0.21091900817067383,2018.0
ZM-2018-7#-00000016,0.2235773797041634,2018.0
ZM-2018-7#-00000017,0.15999999846061438,2018.0
ZM-2018-7#-00000018,0.14975370330748214,2018.0
ZM-2018-7#-00000020,6.385074347516565,2018.0
ZM-2018-7#-00000021,0.16492789772623825,2018.0
ZM-2018-7#-00000022,0.9138178714464739,2018.0
ZM-2018-7#-00000023,0.1468925134033847,2018.0
ZM-2018-7#-00000024,0.18221105553172542,2018.0
ZM-2018-7#-00000025,0.16675220862896065,2018.0
ZM-2018-7#-00000026,0.9085693012682671,2018.0
ZM-2018-7#-00000027,0.15077721782014353,2018.0
ZM-2018-7#-00000028,0.21624727935458274,2018.0
ZM-2018-7#-00000029,31.984899219628804,2018.0
ZM-2018-7#-00000030,0.23362185306431743,2018.0
ZM-2018-7#-00000031,0.24277924016960215,2018.0
ZM-2018-7#-00000032,0.1570808896076354,2018.0
ZM-2018-7#-00000034,3.30393899708654,2018.0
ZM-2018-7#-00000035,25.61172458367089,2018.0
ZM-2018-7#-00000036,0.1617373811275122,2018.0
ZM-2018-7#-00000037,0.15810369533192695,2018.0
ZM-2018-7#-00000038,0.5748822180938831,2018.0
ZM-2018-7#-00000039,0.18647619784244984,2018.0
ZM-2018-7#-00000040,2.996715936611268,2018.0
ZM-2018-7#-00000041,0.17693145565576895,2018.0
ZM-2018-7#-00000042,0.16185817229454447,2018.0
ZM-2018-7#-00000043,27.35918684205932,2018.0
ZM-2018-7#-00000044,4.834635501714543,2018.0
ZM-2018-7#-00000045,0.4331323258604558,2018.0
ZM-2018-7#-00000046,0.16802151545017144,2018.0
ZM-2018-7#-00000047,0.14728001497138787,2018.0
ZM-2018-7#-00000048,0.15740914166065328,2018.0
ZM-2018-7#-00000049,2.152409398049769,2018.0
ZM-2018-7#-00000050,5.8297072296805315,2018.0
ZM-2018-7#-00000051,0.17041265431984898,2018.0
ZM-2018-7#-00000052,0.13923694293380287,2018.0
ZM-2018-7#-00000053,0.16214614880332484,2018.0
ZM-2018-7#-00000054,2.2086750029623854,2018.0
ZM-2018-7#-00000055,1.8617822493873437,2018.0
ZM-2018-7#-00000056,20.84637404069677,2018.0
ZM-2018-7#-00000057,6.433750793110265,2018.0
ZM-2018-7#-00000058,0.5924747538513883,2018.0
ZM-2018-7#-00000059,0.15148724720197107,2018.0
ZM-2018-7#-00000060,0.14793961121343,2018.0
ZM-2018-7#-00000061,0.16663279526030178,2018.0
ZM-2018-7#-00000062,0.22876501954138073,2018.0
ZM-2018-7#-00000063,8.173067793055527,2018.0
ZM-2018-7#-00000064,0.37733022360836527,2018.0
ZM-2018-7#-00000066,0.15090481516009613,2018.0
ZM-2018-7#-00000067,0.1618826832061133,2018.0
ZM-2018-7#-00000068,3.1941121627169817,2018.0
ZM-2018-7#-00000069,0.6209268787818338,2018.0
ZM-2018-7#-00000070,2.2844887722833302,2018.0
ZM-2018-7#-00000071,0.15270314093703538,2018.0
ZM-2018-7#-00000072,0.3161592612235375,2018.0
ZM-2018-7#-00000073,0.12475173175059938,2018.0
ZM-2018-7#-00000074,0.21430221154867618,2018.0
ZM-2018-7#-00000075,0.1594724013373651,2018.0
ZM-2018-7#-00000076,4.083871718176233,2018.0
ZM-2018-7#-00000077,1.1796268112468793,2018.0
ZM-2018-7#-00000078,2.9560995125083087,2018.0
ZM-2018-7#-00000079,1.6116465500681183,2018.0
ZM-2018-7#-00000080,0.17800516152980006,2018.0
ZM-2018-7#-00000081,1.437389293228008,2018.0
ZM-2018-7#-00000082,0.16858948522487635,2018.0
ZM-2018-7#-00000083,3.421979534261642,2018.0
ZM-2018-7#-00000084,0.16258959528827888,2018.0
ZM-2018-7#-00000085,0.15593116518031264,2018.0
ZM-2018-7#-00000086,0.15600978963377843,2018.0
ZM-2018-7#-00000087,5.532911171859523,2018.0
ZM-2018-7#-00000088,4.015880006125962,2018.0
ZM-2018-7#-00000089,0.15239904170378224,2018.0
ZM-2018-7#-00000090,0.16248025420306966,2018.0
ZM-2018-7#-00000091,0.14279330241065996,2018.0
ZM-2018-7#-00000092,0.5581048962887504,2018.0
ZM-2018-7#-00000093,0.19859916733439634,2018.0
ZM-2018-7#-00000094,0.20504621584064361,2018.0
ZM-2018-7#-00000095,0.15897481556421791,2018.0
ZM-2018-7#-00000096,0.13883349346500412,2018.0
ZM-2018-7#-00000097,0.360328818705851,2018.0
ZM-2018-7#-00000098,0.14624198833826366,2018.0
ZM-2018-7#-00000099,0.3474261470931349,2018.0
ZM-2018-7#-00000100,4.640961181021158,2018.0
ZM-2018-7#-00000101,0.24081227665151922,2018.0
ZM-2018-7#-00000102,16.14394840819796,2018.0
ZM-2018-7#-00000103,0.15348354520017668,2018.0
ZM-2018-7#-00000104,0.166153691727489,2018.0
ZM-2018-7#-00000105,0.16373675865881354,2018.0
ZM-2018-7#-00000106,0.20899627557629485,2018.0
ZM-2018-7#-00000107,6.895795191595619,2018.0
ZM-2018-7#-00000108,0.1613182409352314,2018.0
ZM-2018-7#-00000109,0.49257931367359176,2018.0
ZM-2018-7#-00000110,0.1563547876829003,2018.0
ZM-2018-7#-00000111,0.21741537493817947,2018.0
ZM-2018-7#-00000112,0.8959570527516709,2018.0
ZM-2018-7#-00000113,2.740817406880585,2018.0
ZM-2018-7#-00000114,0.15848599593050888,2018.0
ZM-2018-7#-00000115,0.1948467800388974,2018.0
ZM-2018-7#-00000116,4.228650918315806,2018.0
ZM-2018-7#-00000117,0.1696332058313946,2018.0
ZM-2018-7#-00000118,0.14753062566614114,2018.0
ZM-2018-7#-00000119,7.095168702686718,2018.0
ZM-2018-7#-00000120,0.12982799448723154,2018.0
ZM-2018-7#-00000121,0.1627392067108554,2018.0
ZM-2018-7#-00000122,2.433111969588216,2018.0
ZM-2018-7#-00000123,0.26255826241955854,2018.0
ZM-2018-7#-00000124,0.17976544957970345,2018.0
ZM-2018-7#-00000125,0.15963866585163097,2018.0
ZM-2018-7#-00000126,1.2345845002369071,2018.0
ZM-2018-7#-00000127,0.18234277393303666,2018.0
ZM-2018-7#-00000128,0.1609918266131483,2018.0
ZM-2018-7#-00000129,1.3534535451090735,2018.0
ZM-2018-7#-00000130,0.1897504822584997,2018.0
ZM-2018-7#-00000131,24.708934405135082,2018.0
ZM-2018-7#-00000132,0.16516978726346693,2018.0
ZM-2018-7#-00000133,0.1636740403670799,2018.0
ZM-2018-7#-00000134,0.1644242313764316,2018.0
ZM-2018-7#-00000135,0.45680469945204893,2018.0
ZM-2018-7#-00000136,0.15993101641106083,2018.0
ZM-2018-7#-00000137,27.91106158828882,2018.0
ZM-2018-7#-00000138,3.3015054888869195,2018.0
ZM-2018-7#-00000139,0.6331857743072125,2018.0
ZM-2018-7#-00000140,0.15833250106641394,2018.0
ZM-2018-7#-00000141,2.3677555749142276,2018.0
ZM-2018-7#-00000142,0.1940296759489911,2018.0
ZM-2018-7#-00000143,1.0584160741238995,2018.0
ZM-2018-7#-00000144,0.1718815165629803,2018.0
ZM-2018-7#-00000145,5.461205994054383,2018.0
ZM-2018-7#-00000146,0.17568155546089356,2018.0
ZM-2018-7#-00000147,0.5276002771333748,2018.0
ZM-2018-7#-00000148,25.90733891978075,2018.0
ZM-2018-7#-00000149,27.033650025657764,2018.0
ZM-2018-7#-00000150,1.0135971215886366,2018.0
ZM-2018-7#-00000151,0.1579363784064517,2018.0
ZM-2018-7#-00000152,0.17277916186454434,2018.0
ZM-2018-7#-00000153,0.17866935048136331,2018.0
ZM-2018-7#-00000154,3.1731594219807246,2018.0
ZM-2018-7#-00000155,0.15547046970319675,2018.0
ZM-2018-7#-00000156,0.1701204898522616,2018.0
ZM-2018-7#-00000157,0.1871859045186349,2018.0
ZM-2018-7#-00000158,0.16712095375475358,2018.0
ZM-2018-7#-00000159,0.16529903235251242,2018.0
ZM-2018-7#-00000160,0.15839008083553416,2018.0
ZM-2018-7#-00000161,0.1663454510940125,2018.0
ZM-2018-7#-00000162,25.53764824495092,2018.0
ZM-2018-7#-00000163,0.1422216103033165,2018.0
ZM-2018-7#-00000164,0.1579855868512509,2018.0
ZM-2018-7#-00000165,3.517952004601432,2018.0
ZM-2018-7#-00000166,0.16360766931709442,2018.0
ZM-2018-7#-00000167,0.1653716410031368,2018.0
ZM-2018-7#-00000168,0.1735855380354914,2018.0
ZM-2018-7#-00000169,0.8489783466595587,2018.0
ZM-2018-7#-00000170,7.550822103735301,2018.0
ZM-2018-7#-00000171,0.16191675470430822,2018.0
ZM-2018-7#-00000172,0.1619599715845716,2018.0
ZM-2018-7#-00000173,7.618838951304435,2018.0
ZM-2018-7#-00000174,19.974073752139635,2018.0
ZM-2018-7#-00000175,0.1819600760746534,2018.0
ZM-2018-7#-00000176,0.38895583333120304,2018.0
ZM-2018-7#-00000177,0.6173106333454129,2018.0
ZM-2018-7#-00000178,0.19571619670226545,2018.0
ZM-2018-7#-00000180,0.1545829863091791,2018.0
ZM-2018-7#-00000181,0.1707272829683136,2018.0
ZM-2018-7#-00000182,21.39133108674357,2018.0
ZM-2018-7#-00000183,0.15551856904889658,2018.0
ZM-2018-7#-00000184,1.1711436408799412,2018.0
ZM-2018-7#-00000185,0.16160052150201448,2018.0
ZM-2018-7#-00000186,0.16315565505838084,2018.0
ZM-2018-7#-00000187,0.15424406021398016,2018.0
ZM-2018-7#-00000188,2.820507380680963,2018.0
ZM-2018-7#-00000189,4.4104395813210475,2018.0
ZM-2018-7#-00000190,0.3554014888074663,2018.0
ZM-2018-7#-00000191,4.520121584137968,2018.0
ZM-2018-7#-00000192,6.540280626765676,2018.0
ZM-2018-7#-00000193,5.6276540554069365,2018.0
ZM-2018-7#-00000194,0.2520192515885587,2018.0
ZM-2018-7#-00000195,4.598213732328748,2018.0
ZM-2018-7#-00000196,0.30013936040631534,2018.0
ZM-2018-7#-00000197,10.315301526343534,2018.0
ZM-2018-7#-00000198,0.13705898051053825,2018.0
ZM-2018-7#-00000199,0.22026010550544245,2018.0
ZM-2018-7#-00000200,5.177856631943099,2018.0
ZM-2018-7#-00000201,1.887940502741941,2018.0
ZM-2018-7#-00000202,0.16191286570060626,2018.0
ZM-2018-7#-00000203,0.15196391091100164,2018.0
ZM-2018-7#-00000204,0.16618588015328276,2018.0
ZM-2018-7#-00000205,4.4516341221126305,2018.0
ZM-2018-7#-00000206,0.16381746640598624,2018.0
ZM-2018-7#-00000207,0.9837881933721566,2018.0
ZM-2018-7#-00000208,0.19713795755996652,2018.0
ZM-2018-7#-00000209,1.1702245232046957,2018.0
ZM-2018-7#-00000210,0.1741978565359152,2018.0
ZM-2018-7#-00000211,4.4729919193062315,2018.0
ZM-2018-7#-00000212,1.7575880964365613,2018.0
ZM-2018-7#-00000213,0.16420844640859225,2018.0
ZM-2018-7#-00000214,5.411169279500733,2018.0
ZM-2018-7#-00000215,0.17844553548159484,2018.0
ZM-2018-7#-00000216,0.4890143527761417,2018.0
ZM-2018-7#-00000217,0.17179818878536818,2018.0
ZM-2018-7#-00000218,0.19124826240062898,2018.0
ZM-2018-7#-00000219,0.25559875634096074,2018.0
ZM-2018-7#-00000220,0.19905684854699207,2018.0
ZM-2018-7#-00000221,0.17229060618889327,2018.0
ZM-2018-7#-00000222,0.15127540369163978,2018.0
ZM-2018-7#-00000223,0.5440233783873628,2018.0
ZM-2018-7#-00000224,0.18029529955927018,2018.0
ZM-2018-7#-00000225,5.1245276825054935,2018.0
ZM-2018-7#-00000226,0.22240395993360965,2018.0
ZM-2018-7#-00000227,27.263417185512427,2018.0
ZM-2018-7#-00000228,0.1482876453226413,2018.0
ZM-2018-7#-00000229,18.88766023099812,2018.0
ZM-2018-7#-00000230,0.17635060265608724,2018.0
ZM-2018-7#-00000231,27.515572501963167,2018.0
ZM-2018-7#-00000232,3.2095226527974496,2018.0
ZM-2018-7#-00000233,2.9793065034323405,2018.0
ZM-2018-7#-00000234,3.5537758923961036,2018.0
ZM-2018-7#-00000235,0.16825347868101911,2018.0
ZM-2018-7#-00000237,13.891382159145463,2018.0
ZM-2018-7#-00000238,4.199456175311352,2018.0
ZM-2018-7#-00000239,1.130745296429002,2018.0
ZM-2018-7#-00000240,0.16607171753515237,2018.0
ZM-2018-7#-00000241,0.5634874104126651,2018.0
ZM-2018-7#-00000242,0.6761331564073423,2018.0
ZM-2018-7#-00000243,8.271233553624254,2018.0
ZM-2018-7#-00000244,0.17238247652069416,2018.0
ZM-2018-7#-00000245,0.1703126038495782,2018.0
ZM-2018-7#-00000246,0.14938286827784783,2018.0
ZM-2018-7#-00000247,0.1638713475347986,2018.0
ZM-2018-7#-00000248,0.3262864754196315,2018.0
ZM-2018-7#-00000249,2.4268270803529086,2018.0
ZM-2018-7#-00000250,0.9305801316815034,2018.0
ZM-2018-7#-00000251,3.659034028971759,2018.0
ZM-2018-7#-00000252,0.16400386971860884,2018.0
ZM-2018-7#-00000253,0.17849130405870048,2018.0
ZM-2018-7#-00000254,11.974147795538222,2018.0
ZM-2018-7#-00000255,0.16269015287628819,2018.0
ZM-2018-7#-00000256,0.16929241802292758,2018.0
ZM-2018-7#-00000257,0.1543427144527802,2018.0
ZM-2018-7#-00000258,3.5617156028087575,2018.0
ZM-2018-7#-00000259,0.16176357795050034,2018.0
ZM-2018-7#-00000260,0.3157974206111102,2018.0
ZM-2018-7#-00000261,0.1562233599240117,2018.0
ZM-2018-7#-00000262,0.21284530475454944,2018.0
ZM-2018-7#-00000263,0.17023645082032485,2018.0
ZM-2018-7#-00000264,0.15756482501881988,2018.0
ZM-2018-7#-00000265,0.12830542027744044,2018.0
ZM-2018-7#-00000266,0.17777892388022437,2018.0
ZM-2018-7#-00000267,2.9854711605300817,2018.0
ZM-2018-7#-00000268,18.97547868708105,2018.0
ZM-2018-7#-00000269,0.8403291891774779,2018.0
ZM-2018-7#-00000270,0.1485365869436572,2018.0
ZM-2018-7#-00000271,0.21163497960439145,2018.0
ZM-2018-7#-00000272,0.1627514272162842,2018.0
ZM-2018-7#-00000273,0.3754913067295202,2018.0
ZM-2018-7#-00000274,0.1621456378402732,2018.0
ZM-2018-7#-00000275,0.9666476545075827,2018.0
ZM-2018-7#-00000276,10.2264532153215,2018.0
ZM-2018-7#-00000277,0.2128468212197717,2018.0
ZM-2018-7#-00000278,0.16867215976170602,2018.0
ZM-2018-7#-00000279,7.4308243583102085,2018.0
ZM-2018-7#-00000280,0.18610852513575454,2018.0
ZM-2018-7#-00000282,29.34097310413447,2018.0
ZM-2018-7#-00000283,0.1383151595748786,2018.0
ZM-2018-7#-00000284,10.23870866881843,2018.0
ZM-2018-7#-00000285,0.1719633084116235,2018.0
ZM-2018-7#-00000286,0.1689259449732574,2018.0
ZM-2018-7#-00000287,0.5244770274896523,2018.0
ZM-2018-7#-00000288,0.1684915369558866,2018.0
ZM-2018-7#-00000289,0.16509284104442926,2018.0
ZM-2018-7#-00000290,0.1890566637840513,2018.0
ZM-2018-7#-00000291,0.15927922692586716,2018.0
ZM-2018-7#-00000292,0.17991374485793366,2018.0
ZM-2018-7#-00000294,0.6171226743316247,2018.0
ZM-2018-7#-00000295,0.1590659321252771,2018.0
ZM-2018-7#-00000296,1.0992539004189195,2018.0
ZM-2018-7#-00000297,0.18798320519928746,2018.0
ZM-2018-7#-00000298,2.4716377771239886,2018.0
ZM-2018-7#-00000299,0.15193641299217858,2018.0
ZM-2018-7#-00000300,0.19769575720977342,2018.0
ZM-2018-7#-00000301,0.15793922867925292,2018.0
ZM-2018-7#-00000302,2.4012532207297617,2018.0
ZM-2018-7#-00000303,0.1804600061026503,2018.0
ZM-2018-7#-00000304,16.931693668512143,2018.0
ZM-2018-7#-00000305,0.17097410785881476,2018.0
ZM-2018-7#-00000306,0.15436793090196263,2018.0
ZM-2018-7#-00000307,0.15825218011213696,2018.0
ZM-2018-7#-00000308,0.17769882309166388,2018.0
ZM-2018-7#-00000309,2.1101167972566346,2018.0
ZM-2018-7#-00000310,0.19840660758221987,2018.0
ZM-2018-7#-00000311,7.726779128952881,2018.0
ZM-2018-7#-00000312,0.1766120494159081,2018.0
ZM-2018-7#-00000313,0.1740130636023815,2018.0
ZM-2018-7#-00000314,2.2223610588946006,2018.0
ZM-2018-7#-00000315,22.978403568201824,2018.0
ZM-2018-7#-00000316,9.929405286248855,2018.0
ZM-2018-7#-00000317,25.396745363731927,2018.0
ZM-2018-7#-00000318,0.1988616891704308,2018.0
ZM-2018-7#-00000319,4.941216241861481,2018.0
ZM-2018-7#-00000320,0.132317858939444,2018.0
ZM-2018-7#-00000321,24.432224789773073,2018.0
ZM-2018-7#-00000322,8.442160402402104,2018.0
ZM-2018-7#-00000323,0.15308731642595763,2018.0
ZM-2018-7#-00000324,0.1563051844197757,2018.0
ZM-2018-7#-00000325,0.24527414900644245,2018.0
ZM-2018-7#-00000326,1.9441651003872233,2018.0
ZM-2018-7#-00000327,0.16576725573367404,2018.0
ZM-2018-7#-00000328,5.7528065399406785,2018.0
ZM-2018-7#-00000329,6.782425721437828,2018.0
ZM-2018-7#-00000330,1.8990807670803997,2018.0
ZM-2018-7#-00000331,1.212401573924274,2018.0
ZM-2018-7#-00000332,0.1641314516831526,2018.0
ZM-2018-7#-00000333,0.4716491857749689,2018.0
ZM-2018-7#-00000334,0.1393865973653357,2018.0
ZM-2018-7#-00000335,7.598134430686771,2018.0
ZM-2018-7#-00000336,5.577574026807369,2018.0
ZM-2018-7#-00000337,8.644302974074495,2018.0
ZM-2018-7#-00000338,0.1519674693275442,2018.0
ZM-2018-7#-00000339,0.18944406404627237,2018.0
ZM-2018-7#-00000340,3.611238823165714,2018.0
ZM-2018-7#-00000341,0.20978017631882387,2018.0
ZM-2018-7#-00000342,0.18748329337515862,2018.0
ZM-2018-7#-00000343,0.1769836277727529,2018.0
ZM-2018-7#-00000344,0.18408308500718357,2018.0
ZM-2018-7#-00000345,0.16978631428597937,2018.0
ZM-2018-7#-00000346,0.5119578207206011,2018.0
ZM-2018-7#-00000347,0.16925217789051764,2018.0
ZM-2018-7#-00000348,30.148053960745173,2018.0
ZM-2018-7#-00000349,0.16358070638994673,2018.0
ZM-2018-7#-00000350,1.995602014963098,2018.0
ZM-2018-7#-00000351,1.3975442214201892,2018.0
ZM-2018-7#-00000352,17.890786095497837,2018.0
ZM-2018-7#-00000353,8.65978117465927,2018.0
ZM-2018-7#-00000354,0.17358531016173248,2018.0
ZM-2018-7#-00000355,0.19087695353858886,2018.0
ZM-2018-7#-00000356,0.13913717191501657,2018.0
ZM-2018-7#-00000357,0.3333408231814977,2018.0
ZM-2018-7#-00000358,0.1713359640958629,2018.0
ZM-2018-7#-00000359,0.49256402947085953,2018.0
ZM-2018-7#-00000362,0.15937473574197095,2018.0
ZM-2018-7#-00000363,0.3101628515769408,2018.0
ZM-2018-7#-00000364,0.18214821019066338,2018.0
ZM-2018-7#-00000365,30.0065775989267,2018.0
ZM-2018-7#-00000366,1.344537115231334,2018.0
ZM-2018-7#-00000367,0.17304951490850826,2018.0
ZM-2018-7#-00000368,1.9341661083148287,2018.0
ZM-2018-7#-00000369,0.16852843828702696,2018.0
ZM-2018-7#-00000370,1.6131537940950404,2018.0
ZM-2018-7#-00000371,0.19495874231982718,2018.0
ZM-2018-7#-00000372,0.16546201446133363,2018.0
ZM-2018-7#-00000373,0.19817580581582175,2018.0
ZM-2018-7#-00000374,0.17409178449987495,2018.0
ZM-2018-7#-00000375,0.16319027603130898,2018.0
ZM-2018-7#-00000376,0.1397527935193484,2018.0
ZM-2018-7#-00000377,8.024488321937355,2018.0
ZM-2018-7#-00000378,4.222491504656081,2018.0
ZM-2018-7#-00000379,0.5060064532503812,2018.0
ZM-2018-7#-00000380,3.346423380136123,2018.0
ZM-2018-7#-00000381,0.15590914874753325,2018.0
ZM-2018-7#-00000382,0.29766179146261595,2018.0
ZM-2018-7#-00000383,0.151446766872582,2018.0
ZM-2018-7#-00000384,5.29418301840692,2018.0
ZM-2018-7#-00000385,4.028918419283933,2018.0
ZM-2018-7#-00000386,0.5457483187131082,2018.0
ZM-2018-7#-00000387,0.2160387910507771,2018.0
ZM-2018-7#-00000388,0.1571847498460441,2018.0
ZM-2018-7#-00000389,0.6252114833233128,2018.0
ZM-2018-7#-00000390,0.17299583550899225,2018.0
ZM-2018-7#-00000391,0.24877249761390394,2018.0
ZM-2018-7#-00000392,7.377046573461821,2018.0
ZM-2018-7#-00000393,0.23832302874576491,2018.0
ZM-2018-7#-00000394,0.22479887671261647,2018.0
ZM-2018-7#-00000395,0.16523918140970345,2018.0
ZM-2018-7#-00000396,2.791025868585503,2018.0
ZM-2018-7#-00000397,0.16260122663719936,2018.0
ZM-2018-7#-00000398,0.1971928561512941,2018.0
ZM-2018-7#-00000399,0.1705051288424616,2018.0
ZM-2018-7#-00000400,0.14608772884293825,2018.0
ZM-2018-7#-00000401,5.482988913799423,2018.0
ZM-2018-7#-00000402,0.3094168671240306,2018.0
ZM-2018-7#-00000403,0.22586561741988415,2018.0
ZM-2018-7#-00000404,0.18916685009818496,2018.0
ZM-2018-7#-00000405,0.16014964807840185,2018.0
ZM-2018-7#-00000406,5.262114664470632,2018.0
ZM-2018-7#-00000407,29.438644706553013,2018.0
ZM-2018-7#-00000408,3.5530367663125726,2018.0
ZM-2018-7#-00000409,0.18497141164479372,2018.0
ZM-2018-7#-00000410,4.59452227732302,2018.0
ZM-2018-7#-00000411,0.15373403439976444,2018.0
ZM-2018-7#-00000412,0.15964378297134163,2018.0
ZM-2018-7#-00000413,0.16330919562991147,2018.0
ZM-2018-7#-00000414,0.23706905901340372,2018.0
ZM-2018-7#-00000415,1.0325837760803929,2018.0
ZM-2018-7#-00000416,0.1604621261963245,2018.0
ZM-2018-7#-00000417,0.16826833689020304,2018.0
ZM-2018-7#-00000418,0.8700458614368339,2018.0
ZM-2018-7#-00000419,0.17225271774662865,2018.0
ZM-2018-7#-00000420,0.16282302597585618,2018.0
ZM-2018-7#-00000421,0.872028087295967,2018.0
ZM-2018-7#-00000422,0.16563793825741138,2018.0
ZM-2018-7#-00000423,2.284710331928817,2018.0
ZM-2018-7#-00000424,0.14647281385233474,2018.0
ZM-2018-7#-00000425,0.30716081800161993,2018.0
ZM-2018-7#-00000426,0.16438023476200075,2018.0
ZM-2018-7#-00000427,6.239446023339173,2018.0
ZM-2018-7#-00000428,0.1511094550958554,2018.0
ZM-2018-7#-00000429,0.14630995043020256,2018.0
ZM-2018-7#-00000430,0.20460905008708363,2018.0
ZM-2018-7#-00000431,0.1545636633999849,2018.0
ZM-2018-7#-00000432,0.1318880728093398,2018.0
ZM-2018-7#-00000433,0.1642883188020537,2018.0
ZM-2018-7#-00000434,0.1497569788586218,2018.0
ZM-2018-7#-00000435,0.1600586075704403,2018.0
ZM-2018-7#-00000436,8.534621057477377,2018.0
ZM-2018-7#-00000437,0.19776002600302103,2018.0
ZM-2018-7#-00000438,0.2109615883213976,2018.0
ZM-2018-7#-00000439,20.650705695650935,2018.0
ZM-2018-7#-00000440,29.56187793777155,2018.0
ZM-2018-7#-00000441,0.14688257100420793,2018.0
ZM-2018-7#-00000442,0.15093589942118885,2018.0
ZM-2018-7#-00000443,0.43297901610372985,2018.0
ZM-2018-7#-00000444,19.001092913366197,2018.0
ZM-2018-7#-00000445,0.22887581564769613,2018.0
ZM-2018-7#-00000446,0.15631067586169706,2018.0
ZM-2018-7#-00000447,3.6341083777807897,2018.0
ZM-2018-7#-00000448,0.23424025035830287,2018.0
ZM-2018-7#-00000449,0.17141555605256434,2018.0
ZM-2018-7#-00000450,1.432668208095579,2018.0
ZM-2018-7#-00000451,0.16912248693650064,2018.0
ZM-2018-7#-00000452,0.17464066770387493,2018.0
ZM-2018-7#-00000453,0.18351318887521192,2018.0
ZM-2018-7#-00000454,17.837670176680938,2018.0
ZM-2018-7#-00000455,0.1653031724041721,2018.0
ZM-2018-7#-00000456,3.9217962908249824,2018.0
ZM-2018-7#-00000457,26.154558786849066,2018.0
ZM-2018-7#-00000458,0.16340269982012728,2018.0
ZM-2018-7#-00000459,0.319362837161664,2018.0
ZM-2018-7#-00000460,0.14107381607089672,2018.0
ZM-2018-7#-00000461,10.633292000327648,2018.0
ZM-2018-7#-00000462,29.60012278156801,2018.0
ZM-2018-7#-00000463,0.1483975286432891,2018.0
ZM-2018-7#-00000464,1.3595896062558543,2018.0
ZM-2018-7#-00000465,0.1436231200128324,2018.0
ZM-2018-7#-00000466,0.1391039718833624,2018.0
ZM-2018-7#-00000467,0.3040253878547246,2018.0
ZM-2018-7#-00000468,5.680371880218278,2018.0
ZM-2018-7#-00000470,0.6105723426753125,2018.0
ZM-2018-7#-00000471,0.1575930907065389,2018.0
ZM-2018-7#-00000472,6.522489758317904,2018.0
ZM-2018-7#-00000473,0.16027951762544243,2018.0
ZM-2018-7#-00000474,0.16568142584657175,2018.0
ZM-2018-7#-00000475,0.33655697774492926,2018.0
ZM-2018-7#-00000476,0.17940036662401304,2018.0
ZM-2018-7#-00000477,12.126387693098259,2018.0
ZM-2018-7#-00000478,1.116492449140512,2018.0
ZM-2018-7#-00000479,0.16566404910488158,2018.0
ZM-2018-7#-00000480,0.1773608761812714,2018.0
ZM-2018-7#-00000481,0.15664280023874114,2018.0
ZM-2018-7#-00000482,0.15543034663891525,2018.0
ZM-2018-7#-00000483,3.6279847411323813,2018.0
ZM-2018-7#-00000484,0.2142424636057183,2018.0
ZM-2018-7#-00000485,0.13591673019000175,2018.0
ZM-2018-7#-00000486,0.2748356315000889,2018.0
ZM-2018-7#-00000487,0.15544439719301698,2018.0
ZM-2018-7#-00000488,6.487122474981701,2018.0
ZM-2018-7#-00000489,5.535010205466946,2018.0
ZM-2018-7#-00000490,0.17600868124690985,2018.0
ZM-2018-7#-00000491,0.1703027953555244,2018.0
ZM-2018-7#-00000492,0.1676976329095086,2018.0
ZM-2018-7#-00000493,0.1671944076572185,2018.0
ZM-2018-7#-00000494,0.1650493152145696,2018.0
ZM-2018-7#-00000495,8.899600193673765,2018.0
ZM-2018-7#-00000496,5.854679890055695,2018.0
ZM-2018-7#-00000497,23.725071641022954,2018.0
ZM-2018-7#-00000498,5.660972506994011,2018.0
ZM-2018-7#-00000499,0.14238144365790623,2018.0
ZM-2018-7#-00000500,0.730454817703026,2018.0
ZM-2018-7#-00000501,0.14950469935893645,2018.0
ZM-2018-7#-00000502,0.25332922544056796,2018.0
ZM-2018-7#-00000503,0.20270150495235484,2018.0
ZM-2018-7#-00000504,6.073426180143441,2018.0
ZM-2018-7#-00000505,0.309008599741557,2018.0
ZM-2018-7#-00000506,0.29724035800442883,2018.0
ZM-2018-7#-00000507,0.16906477324804953,2018.0
ZM-2018-7#-00000508,2.3906076350719916,2018.0
ZM-2018-7#-00000509,2.6643317442130967,2018.0
ZM-2018-7#-00000510,0.16059184430517265,2018.0
ZM-2018-7#-00000511,0.17620576999568793,2018.0
ZM-2018-7#-00000512,0.31018076163055985,2018.0
ZM-2018-7#-00000513,0.27819278983600504,2018.0
ZM-2018-7#-00000514,0.463141485476943,2018.0
ZM-2018-7#-00000515,0.18038495228250226,2018.0
ZM-2018-7#-00000516,0.23857456179340727,2018.0
ZM-2018-7#-00000517,23.543004531545026,2018.0
ZM-2018-7#-00000518,0.1689792918327083,2018.0
ZM-2018-7#-00000519,17.605355248977386,2018.0
ZM-2018-7#-00000520,0.16314565316272303,2018.0
ZM-2018-7#-00000521,4.262796229784051,2018.0
ZM-2018-7#-00000522,0.15807815880339587,2018.0
ZM-2018-7#-00000523,5.705599279625056,2018.0
ZM-2018-7#-00000524,0.18918042633658141,2018.0
ZM-2018-7#-00000525,0.15642000846223894,2018.0
ZM-2018-7#-00000526,3.2614843530587994,2018.0
ZM-2018-7#-00000527,0.1616444274396999,2018.0
ZM-2018-7#-00000528,0.17017240614352067,2018.0
ZM-2018-7#-00000529,0.19739737702557236,2018.0
ZM-2018-7#-00000530,0.22405359024567953,2018.0
ZM-2018-7#-00000531,8.744684919696825,2018.0
ZM-2018-7#-00000532,0.19597294531295686,2018.0
ZM-2018-7#-00000533,3.5851228653614635,2018.0
ZM-2018-7#-00000534,0.16036909900253343,2018.0
ZM-2018-7#-00000535,0.16274261415142227,2018.0
ZM-2018-7#-00000536,1.981724632629428,2018.0
ZM-2018-7#-00000537,1.3728078872293108,2018.0
ZM-2018-7#-00000538,0.14453925861722458,2018.0
ZM-2018-7#-00000539,0.1595054252422209,2018.0
ZM-2018-7#-00000540,23.35288059640875,2018.0
ZM-2018-7#-00000541,18.981895008030328,2018.0
ZM-2018-7#-00000542,0.17058265875665465,2018.0
ZM-2018-7#-00000543,0.2770159710498555,2018.0
ZM-2018-7#-00000544,0.15246521571149096,2018.0
ZM-2018-7#-00000545,0.18690115163162185,2018.0
